time,E_batt_to_cons,E_genset_to_batt,E_genset_to_cons,E_pv_to_batt,E_pv_to_cons,asset_name
2021-01-17T00:00:00Z,0.009765625,,,,,PG - Ighombwe
2021-01-17T00:45:00Z,0.0107421875,,,,,PG - Ighombwe
2021-01-17T01:15:00Z,0.009765625,,,,,PG - Ighombwe
2021-01-17T02:00:00Z,0.009765625,,,,,PG - Ighombwe
2021-01-17T02:30:00Z,0.009765625,,,,,PG - Ighombwe
2021-01-17T03:00:00Z,0.0107421875,,,,,PG - Ighombwe
2021-01-17T03:45:00Z,0.009765625,,,,,PG - Ighombwe
2021-01-17T04:15:00Z,,,,0.0205078125,0.0009765625,PG - Ighombwe
2021-01-17T04:30:00Z,,,,0.01953125,0.01953125,PG - Ighombwe
2021-01-17T04:45:00Z,,,,0.0205078125,0.01953125,PG - Ighombwe
2021-01-17T05:00:00Z,,,,0.01953125,0.0205078125,PG - Ighombwe
2021-01-17T05:15:00Z,,,,0.0498046875,0.0107421875,PG - Ighombwe
2021-01-17T05:30:00Z,,,,0.1201171875,0.0185546875,PG - Ighombwe
2021-01-17T05:45:00Z,,,,0.2099609375,0.0302734375,PG - Ighombwe
2021-01-17T06:00:00Z,,,,0.1201171875,0.009765625,PG - Ighombwe
2021-01-17T06:15:00Z,,,,0.16015625,0.0205078125,PG - Ighombwe
2021-01-17T06:30:00Z,,,,0.169921875,0.029296875,PG - Ighombwe
2021-01-17T06:45:00Z,,,,0.3095703125,0.03125,PG - Ighombwe
2021-01-17T07:00:00Z,,,,0.3203125,0.0400390625,PG - Ighombwe
2021-01-17T07:15:00Z,,,,0.259765625,0.0302734375,PG - Ighombwe
2021-01-17T07:30:00Z,,,,0.220703125,0.048828125,PG - Ighombwe
2021-01-17T07:45:00Z,,,,0.189453125,0.0205078125,PG - Ighombwe
2021-01-17T08:00:00Z,,,,0.150390625,0.0703125,PG - Ighombwe
2021-01-17T08:15:00Z,,,,0.1298828125,0.189453125,PG - Ighombwe
2021-01-17T08:30:00Z,,,,0.08984375,0.2001953125,PG - Ighombwe
2021-01-17T08:45:00Z,,,,0.099609375,0.1796875,PG - Ighombwe
2021-01-17T09:00:00Z,,,,0.080078125,0.1806640625,PG - Ighombwe
2021-01-17T09:15:00Z,,,,0.080078125,0.2099609375,PG - Ighombwe
2021-01-17T09:30:00Z,,,,0.0703125,0.2001953125,PG - Ighombwe
2021-01-17T09:45:00Z,,,,0.0595703125,0.19921875,PG - Ighombwe
2021-01-17T10:00:00Z,,,,0.060546875,0.2197265625,PG - Ighombwe
2021-01-17T10:15:00Z,,,,0.0595703125,0.23046875,PG - Ighombwe
2021-01-17T10:30:00Z,,,,0.060546875,0.2392578125,PG - Ighombwe
2021-01-17T10:45:00Z,,,,0.0498046875,0.2509765625,PG - Ighombwe
2021-01-17T11:00:00Z,0.0400390625,,,0.009765625,0.2197265625,PG - Ighombwe
2021-01-17T11:15:00Z,,,,0.060546875,0.26953125,PG - Ighombwe
2021-01-17T11:30:00Z,,,,0.0693359375,0.2509765625,PG - Ighombwe
2021-01-17T11:45:00Z,,,,0.0703125,0.25,PG - Ighombwe
2021-01-17T12:00:00Z,,,,0.0703125,0.2587890625,PG - Ighombwe
2021-01-17T12:15:00Z,,,,0.0693359375,0.291015625,PG - Ighombwe
2021-01-17T12:30:00Z,,,,0.0703125,0.279296875,PG - Ighombwe
2021-01-17T12:45:00Z,0.0498046875,,,0.009765625,0.23046875,PG - Ighombwe
2021-01-17T13:00:00Z,0.0400390625,,,0.009765625,0.240234375,PG - Ighombwe
2021-01-17T13:15:00Z,0.0302734375,,,0.0107421875,0.2294921875,PG - Ighombwe
2021-01-17T13:30:00Z,0.099609375,,,,0.140625,PG - Ighombwe
2021-01-17T13:45:00Z,0.1005859375,,,,0.119140625,PG - Ighombwe
2021-01-17T14:00:00Z,0.0693359375,,,0.01953125,0.16015625,PG - Ighombwe
2021-01-17T14:15:00Z,0.009765625,,,0.0400390625,0.2197265625,PG - Ighombwe
2021-01-17T14:30:00Z,0.1103515625,,,,0.1015625,PG - Ighombwe
2021-01-17T14:45:00Z,0.1201171875,,,,0.0693359375,PG - Ighombwe
2021-01-17T15:00:00Z,0.1201171875,,,,0.08984375,PG - Ighombwe
2021-01-17T15:15:00Z,0.1494140625,,,,0.0595703125,PG - Ighombwe
2021-01-17T15:30:00Z,0.1806640625,,,,0.0302734375,PG - Ighombwe
2021-01-17T15:45:00Z,0.2001953125,,,,,PG - Ighombwe
2021-01-17T16:00:00Z,0.2197265625,,,,,PG - Ighombwe
2021-01-17T16:15:00Z,0.2294921875,,,,,PG - Ighombwe
2021-01-17T16:30:00Z,0.23046875,,,,,PG - Ighombwe
2021-01-17T16:45:00Z,0.2197265625,,,,,PG - Ighombwe
2021-01-17T17:15:00Z,0.009765625,,,,,PG - Ighombwe
2021-01-17T17:45:00Z,0.0107421875,,,,,PG - Ighombwe
2021-01-17T18:15:00Z,0.009765625,,,,,PG - Ighombwe
2021-01-17T18:45:00Z,0.009765625,,,,,PG - Ighombwe
2021-01-17T19:30:00Z,0.009765625,,,,,PG - Ighombwe
2021-01-17T20:00:00Z,0.0107421875,,,,,PG - Ighombwe
2021-01-17T20:30:00Z,0.009765625,,,,,PG - Ighombwe
2021-01-17T21:15:00Z,0.009765625,,,,,PG - Ighombwe
2021-01-17T21:45:00Z,0.009765625,,,,,PG - Ighombwe
2021-01-17T22:15:00Z,0.0107421875,,,,,PG - Ighombwe
2021-01-17T23:00:00Z,0.009765625,,,,,PG - Ighombwe
2021-01-17T23:30:00Z,0.009765625,,,,,PG - Ighombwe
2021-01-18T00:00:00Z,0.009765625,,,,,PG - Ighombwe
2021-01-18T00:45:00Z,0.0107421875,,,,,PG - Ighombwe
2021-01-18T01:15:00Z,0.009765625,,,,,PG - Ighombwe
2021-01-18T01:45:00Z,0.009765625,,,,,PG - Ighombwe
2021-01-18T02:15:00Z,0.009765625,,,,,PG - Ighombwe
2021-01-18T03:00:00Z,0.0107421875,,,,,PG - Ighombwe
2021-01-18T03:30:00Z,0.009765625,,,,,PG - Ighombwe
2021-01-18T03:45:00Z,,,,,0.0107421875,PG - Ighombwe
2021-01-18T04:00:00Z,,,,0.009765625,,PG - Ighombwe
2021-01-18T04:15:00Z,,,,0.0205078125,0.0185546875,PG - Ighombwe
2021-01-18T04:30:00Z,,,,0.0302734375,0.0107421875,PG - Ighombwe
2021-01-18T04:45:00Z,,,,0.0693359375,0.0205078125,PG - Ighombwe
2021-01-18T05:00:00Z,,,,0.08984375,0.009765625,PG - Ighombwe
2021-01-18T05:15:00Z,,,,0.080078125,0.0205078125,PG - Ighombwe
2021-01-18T05:30:00Z,,,,0.1201171875,0.01953125,PG - Ighombwe
2021-01-18T05:45:00Z,,,,0.1201171875,0.029296875,PG - Ighombwe
2021-01-18T06:00:00Z,,,,0.1904296875,0.009765625,PG - Ighombwe
2021-01-18T06:15:00Z,,,,0.26953125,0.0302734375,PG - Ighombwe
2021-01-18T06:30:00Z,,,,0.240234375,0.029296875,PG - Ighombwe
2021-01-18T06:45:00Z,,,,0.2998046875,0.021484375,PG - Ighombwe
2021-01-18T07:00:00Z,,,,0.240234375,0.029296875,PG - Ighombwe
2021-01-18T07:15:00Z,,,,0.109375,0.0107421875,PG - Ighombwe
2021-01-18T07:30:00Z,,,,0.1201171875,0.01953125,PG - Ighombwe
2021-01-18T07:45:00Z,,,,0.150390625,0.029296875,PG - Ighombwe
2021-01-18T08:00:00Z,,,,0.2099609375,0.0205078125,PG - Ighombwe
2021-01-18T08:15:00Z,,,,0.1796875,0.0205078125,PG - Ighombwe
2021-01-18T08:30:00Z,,,,0.16015625,0.01953125,PG - Ighombwe
2021-01-18T08:45:00Z,,,,0.1103515625,0.0595703125,PG - Ighombwe
2021-01-18T09:00:00Z,0.0498046875,,,,0.1005859375,PG - Ighombwe
2021-01-18T09:15:00Z,0.0498046875,,,,0.1494140625,PG - Ighombwe
2021-01-18T09:30:00Z,0.0302734375,,,,0.2001953125,PG - Ighombwe
2021-01-18T09:45:00Z,0.01953125,,,0.0693359375,0.3505859375,PG - Ighombwe
2021-01-18T10:00:00Z,,,,0.1201171875,0.359375,PG - Ighombwe
2021-01-18T10:15:00Z,0.0107421875,,,0.080078125,0.361328125,PG - Ighombwe
2021-01-18T10:30:00Z,,,,0.1005859375,0.2783203125,PG - Ighombwe
2021-01-18T10:45:00Z,,,,0.08984375,0.3408203125,PG - Ighombwe
2021-01-18T11:00:00Z,0.009765625,,,0.0703125,0.3291015625,PG - Ighombwe
2021-01-18T11:15:00Z,,,,0.0791015625,0.3212890625,PG - Ighombwe
2021-01-18T11:30:00Z,,,,0.0703125,0.259765625,PG - Ighombwe
2021-01-18T11:45:00Z,,,,0.0302734375,0.2490234375,PG - Ighombwe
2021-01-18T12:00:00Z,0.0302734375,,,,0.2509765625,PG - Ighombwe
2021-01-18T12:15:00Z,0.0693359375,,,,0.2490234375,PG - Ighombwe
2021-01-18T12:30:00Z,0.1103515625,,,0.0703125,0.2802734375,PG - Ighombwe
2021-01-18T12:45:00Z,,,,0.1591796875,0.3505859375,PG - Ighombwe
2021-01-18T13:00:00Z,0.080078125,,,0.1103515625,0.33984375,PG - Ighombwe
2021-01-18T13:15:00Z,0.0595703125,,,0.08984375,0.3203125,PG - Ighombwe
2021-01-18T13:30:00Z,0.060546875,,,0.0302734375,0.3486328125,PG - Ighombwe
2021-01-18T13:45:00Z,0.009765625,,,0.080078125,0.2607421875,PG - Ighombwe
2021-01-18T14:00:00Z,,,,0.0693359375,0.23046875,PG - Ighombwe
2021-01-18T14:15:00Z,,,,0.0400390625,0.2099609375,PG - Ighombwe
2021-01-18T14:30:00Z,,,,0.0107421875,0.189453125,PG - Ighombwe
2021-01-18T14:45:00Z,0.0302734375,,,,0.1591796875,PG - Ighombwe
2021-01-18T15:00:00Z,0.0498046875,,,,0.111328125,PG - Ighombwe
2021-01-18T15:15:00Z,0.0703125,,,,0.080078125,PG - Ighombwe
2021-01-18T15:30:00Z,0.119140625,,,,0.0390625,PG - Ighombwe
2021-01-18T15:45:00Z,0.140625,,,,,PG - Ighombwe
2021-01-18T16:00:00Z,0.169921875,,,,,PG - Ighombwe
2021-01-18T16:15:00Z,0.189453125,,,,,PG - Ighombwe
2021-01-18T16:30:00Z,0.140625,,,,,PG - Ighombwe
2021-01-18T16:45:00Z,0.2001953125,,,,,PG - Ighombwe
2021-01-18T17:00:00Z,0.25,,,,,PG - Ighombwe
2021-01-23T09:15:00Z,0.009765625,,,0.1005859375,0.25,PG - Ighombwe
2021-01-23T09:30:00Z,,,,0.08984375,0.2197265625,PG - Ighombwe
2021-01-23T09:45:00Z,,,,0.080078125,0.23046875,PG - Ighombwe
2021-01-23T10:00:00Z,,,,0.0693359375,0.2197265625,PG - Ighombwe
2021-01-23T10:15:00Z,0.009765625,,,0.05078125,0.2294921875,PG - Ighombwe
2021-01-23T10:30:00Z,0.0205078125,,,0.0595703125,0.240234375,PG - Ighombwe
2021-01-23T10:45:00Z,0.01953125,,,0.0498046875,0.2607421875,PG - Ighombwe
2021-01-23T11:00:00Z,0.060546875,,,0.080078125,0.2998046875,PG - Ighombwe
2021-01-23T11:15:00Z,0.01953125,,,0.060546875,0.3994140625,PG - Ighombwe
2021-01-23T11:30:00Z,0.0205078125,,,0.0693359375,0.3203125,PG - Ighombwe
2021-01-23T11:45:00Z,0.009765625,,,0.0498046875,0.4208984375,PG - Ighombwe
2021-01-23T12:00:00Z,0.0693359375,,,0.0400390625,0.3896484375,PG - Ighombwe
2021-01-23T12:15:00Z,0.1005859375,,,0.0400390625,0.2197265625,PG - Ighombwe
2021-01-23T12:30:00Z,,,,0.169921875,0.25,PG - Ighombwe
2021-01-23T12:45:00Z,0.1103515625,,,0.0400390625,0.220703125,PG - Ighombwe
2021-01-23T13:00:00Z,0.119140625,,,,0.0595703125,PG - Ighombwe
2021-01-23T13:15:00Z,0.0908203125,,,,0.080078125,PG - Ighombwe
2021-01-23T13:30:00Z,0.0693359375,,,,0.1201171875,PG - Ighombwe
2021-01-23T13:45:00Z,0.1298828125,,,,0.0595703125,PG - Ighombwe
2021-01-23T14:00:00Z,0.1904296875,,,,0.0205078125,PG - Ighombwe
2021-01-23T14:15:00Z,0.189453125,,,,,PG - Ighombwe
2021-01-23T14:30:00Z,0.1904296875,,,,,PG - Ighombwe
2021-01-23T14:45:00Z,0.1796875,,,,0.009765625,PG - Ighombwe
2021-01-23T15:00:00Z,0.2001953125,,,,0.009765625,PG - Ighombwe
2021-01-23T15:15:00Z,0.2001953125,,,,,PG - Ighombwe
2021-01-23T15:30:00Z,0.25,,,,0.0205078125,PG - Ighombwe
2021-01-23T15:45:00Z,0.1103515625,,,,,PG - Ighombwe
2021-01-23T16:15:00Z,0.009765625,,,,,PG - Ighombwe
2021-01-23T16:45:00Z,0.009765625,,,,,PG - Ighombwe
2021-01-23T17:30:00Z,0.009765625,,,,,PG - Ighombwe
2021-01-23T18:00:00Z,0.0107421875,,,,,PG - Ighombwe
2021-01-23T18:30:00Z,0.009765625,,,,,PG - Ighombwe
2021-01-23T19:15:00Z,0.009765625,,,,,PG - Ighombwe
2021-01-23T19:45:00Z,0.009765625,,,,,PG - Ighombwe
2021-01-23T20:15:00Z,0.0107421875,,,,,PG - Ighombwe
2021-01-23T21:00:00Z,0.009765625,,,,,PG - Ighombwe
2021-01-23T21:30:00Z,0.009765625,,,,,PG - Ighombwe
2021-01-23T22:00:00Z,0.009765625,,,,,PG - Ighombwe
2021-01-23T22:45:00Z,0.009765625,,,,,PG - Ighombwe
2021-01-23T23:15:00Z,0.0107421875,,,,,PG - Ighombwe
2021-01-24T00:00:00Z,0.009765625,,,,,PG - Ighombwe
2021-01-24T00:30:00Z,0.009765625,,,,,PG - Ighombwe
2021-01-24T01:00:00Z,0.009765625,,,,,PG - Ighombwe
2021-01-24T01:45:00Z,0.0107421875,,,,,PG - Ighombwe
2021-01-24T02:15:00Z,0.009765625,,,,,PG - Ighombwe
2021-01-24T02:45:00Z,0.009765625,,,,,PG - Ighombwe
2021-01-24T03:30:00Z,0.009765625,,,,,PG - Ighombwe
2021-01-24T04:15:00Z,,,,0.009765625,0.0302734375,PG - Ighombwe
2021-01-24T04:30:00Z,,,,0.0302734375,0.0087890625,PG - Ighombwe
2021-01-24T04:45:00Z,,,,0.0595703125,0.0107421875,PG - Ighombwe
2021-01-24T05:00:00Z,,,,0.080078125,0.0205078125,PG - Ighombwe
2021-01-24T05:15:00Z,,,,0.080078125,0.01953125,PG - Ighombwe
2021-01-24T05:30:00Z,,,,0.080078125,0.01953125,PG - Ighombwe
2021-01-24T05:45:00Z,,,,0.109375,0.01171875,PG - Ighombwe
2021-01-24T06:00:00Z,,,,0.150390625,0.0283203125,PG - Ighombwe
2021-01-24T06:15:00Z,,,,0.1904296875,0.01953125,PG - Ighombwe
2021-01-24T06:30:00Z,,,,0.2099609375,0.0205078125,PG - Ighombwe
2021-01-24T06:45:00Z,,,,0.279296875,0.03125,PG - Ighombwe
2021-01-24T07:00:00Z,,,,0.3203125,0.029296875,PG - Ighombwe
2021-01-24T07:15:00Z,,,,0.2900390625,0.0205078125,PG - Ighombwe
2021-01-24T07:30:00Z,,,,0.240234375,0.0400390625,PG - Ighombwe
2021-01-24T07:45:00Z,,,,0.2099609375,0.0185546875,PG - Ighombwe
2021-01-24T08:00:00Z,,,,0.169921875,0.16015625,PG - Ighombwe
2021-01-24T08:15:00Z,,,,0.150390625,0.259765625,PG - Ighombwe
2021-01-24T08:30:00Z,,,,0.119140625,0.28125,PG - Ighombwe
2021-01-24T08:45:00Z,,,,0.1005859375,0.2900390625,PG - Ighombwe
2021-01-24T09:00:00Z,,,,0.099609375,0.2900390625,PG - Ighombwe
2021-01-24T09:15:00Z,,,,0.080078125,0.2705078125,PG - Ighombwe
2021-01-24T09:30:00Z,,,,0.080078125,0.298828125,PG - Ighombwe
2021-01-24T09:45:00Z,,,,0.0703125,0.3203125,PG - Ighombwe
2021-01-24T10:00:00Z,,,,0.0693359375,0.2998046875,PG - Ighombwe
2021-01-24T10:15:00Z,,,,0.060546875,0.3095703125,PG - Ighombwe
2021-01-24T10:30:00Z,,,,0.0703125,0.2998046875,PG - Ighombwe
2021-01-24T10:45:00Z,,,,0.0595703125,0.271484375,PG - Ighombwe
2021-01-24T11:00:00Z,,,,0.0595703125,0.2802734375,PG - Ighombwe
2021-01-24T11:15:00Z,,,,0.0703125,0.2294921875,PG - Ighombwe
2021-01-24T11:30:00Z,,,,0.060546875,0.2490234375,PG - Ighombwe
2021-01-24T11:45:00Z,,,,0.0693359375,0.220703125,PG - Ighombwe
2021-01-24T12:00:00Z,,,,0.0703125,0.2490234375,PG - Ighombwe
2021-01-24T12:15:00Z,,,,0.0703125,0.2509765625,PG - Ighombwe
2021-01-24T12:30:00Z,,,,0.0595703125,0.26953125,PG - Ighombwe
2021-01-24T12:45:00Z,0.0205078125,,,0.01953125,0.2607421875,PG - Ighombwe
2021-01-24T13:00:00Z,,,,0.0107421875,0.2685546875,PG - Ighombwe
2021-01-24T13:15:00Z,,,,,0.2705078125,PG - Ighombwe
2021-01-24T13:30:00Z,,,,0.009765625,0.25,PG - Ighombwe
2021-01-24T13:45:00Z,0.009765625,,,0.009765625,0.2509765625,PG - Ighombwe
2021-01-24T14:00:00Z,0.0302734375,,,0.0302734375,0.2392578125,PG - Ighombwe
2021-01-24T14:15:00Z,0.01953125,,,0.0595703125,0.240234375,PG - Ighombwe
2021-01-24T14:30:00Z,0.150390625,,,,0.1103515625,PG - Ighombwe
2021-01-24T14:45:00Z,0.1796875,,,,0.08984375,PG - Ighombwe
2021-01-24T15:00:00Z,0.220703125,,,,0.060546875,PG - Ighombwe
2021-01-24T15:15:00Z,0.2392578125,,,,0.029296875,PG - Ighombwe
2021-01-24T15:30:00Z,0.150390625,,,,0.01953125,PG - Ighombwe
2021-01-24T15:45:00Z,0.099609375,,,,,PG - Ighombwe
2021-01-24T16:00:00Z,0.0703125,,,,,PG - Ighombwe
2021-01-24T16:30:00Z,0.0302734375,,,,,PG - Ighombwe
2021-01-24T16:45:00Z,0.1201171875,,,,,PG - Ighombwe
2021-01-24T17:00:00Z,0.2197265625,,,,,PG - Ighombwe
2021-01-24T17:15:00Z,0.259765625,,,,,PG - Ighombwe
2021-01-24T17:30:00Z,0.2705078125,,,,,PG - Ighombwe
2021-01-24T17:45:00Z,0.099609375,,,,,PG - Ighombwe
2021-01-24T18:00:00Z,0.009765625,,,,,PG - Ighombwe
2021-01-24T18:30:00Z,0.009765625,,,,,PG - Ighombwe
2021-01-24T19:15:00Z,0.0107421875,,,,,PG - Ighombwe
2021-01-24T19:45:00Z,0.009765625,,,,,PG - Ighombwe
2021-01-24T20:15:00Z,0.009765625,,,,,PG - Ighombwe
2021-01-24T20:45:00Z,0.009765625,,,,,PG - Ighombwe
2021-01-24T21:15:00Z,0.0107421875,,,,,PG - Ighombwe
2021-01-24T22:00:00Z,0.009765625,,,,,PG - Ighombwe
2021-01-24T22:30:00Z,0.009765625,,,,,PG - Ighombwe
2021-01-24T23:00:00Z,0.009765625,,,,,PG - Ighombwe
2021-01-24T23:45:00Z,0.0107421875,,,,,PG - Ighombwe
2021-01-25T00:15:00Z,0.009765625,,,,,PG - Ighombwe
2021-01-25T00:45:00Z,0.009765625,,,,,PG - Ighombwe
2021-01-25T01:15:00Z,0.009765625,,,,,PG - Ighombwe
2021-01-25T02:00:00Z,0.0107421875,,,,,PG - Ighombwe
2021-01-25T02:30:00Z,0.009765625,,,,,PG - Ighombwe
2021-01-25T03:00:00Z,0.009765625,,,,,PG - Ighombwe
2021-01-25T03:45:00Z,,,,,0.0107421875,PG - Ighombwe
2021-01-25T04:00:00Z,,,,0.0107421875,,PG - Ighombwe
2021-01-25T04:15:00Z,,,,0.01953125,0.009765625,PG - Ighombwe
2021-01-25T04:30:00Z,,,,0.0205078125,0.0185546875,PG - Ighombwe
2021-01-25T04:45:00Z,,,,0.029296875,0.01171875,PG - Ighombwe
2021-01-25T05:00:00Z,,,,0.0400390625,0.0302734375,PG - Ighombwe
2021-01-25T05:15:00Z,,,,0.0498046875,0.01953125,PG - Ighombwe
2021-01-25T05:30:00Z,,,,0.080078125,0.009765625,PG - Ighombwe
2021-01-25T05:45:00Z,,,,0.1005859375,0.01953125,PG - Ighombwe
2021-01-25T06:00:00Z,,,,0.16015625,0.009765625,PG - Ighombwe
2021-01-25T06:15:00Z,,,,0.19921875,0.03125,PG - Ighombwe
2021-01-25T06:30:00Z,,,,0.30078125,0.0283203125,PG - Ighombwe
2021-01-25T06:45:00Z,,,,0.349609375,0.0302734375,PG - Ighombwe
2021-01-25T07:00:00Z,,,,0.330078125,0.08984375,PG - Ighombwe
2021-01-25T07:15:00Z,0.009765625,,,0.2197265625,0.2109375,PG - Ighombwe
2021-01-25T07:30:00Z,0.0302734375,,,0.1005859375,0.189453125,PG - Ighombwe
2021-01-25T07:45:00Z,0.009765625,,,0.2197265625,0.240234375,PG - Ighombwe
2021-01-25T08:00:00Z,0.009765625,,,0.1103515625,0.2099609375,PG - Ighombwe
2021-01-25T08:15:00Z,,,,0.19921875,0.23046875,PG - Ighombwe
2021-01-25T08:30:00Z,,,,0.140625,0.19921875,PG - Ighombwe
2021-01-25T08:45:00Z,,,,0.0693359375,0.1904296875,PG - Ighombwe
2021-01-25T09:00:00Z,,,,0.1298828125,0.2001953125,PG - Ighombwe
2021-01-25T09:15:00Z,0.05078125,,,0.1103515625,0.21875,PG - Ighombwe
2021-01-25T09:30:00Z,0.01953125,,,0.08984375,0.2314453125,PG - Ighombwe
2021-01-25T09:45:00Z,,,,0.060546875,0.21875,PG - Ighombwe
2021-01-25T10:00:00Z,,,,0.08984375,0.3203125,PG - Ighombwe
2021-01-25T10:15:00Z,0.009765625,,,0.08984375,0.3896484375,PG - Ighombwe
2021-01-25T10:30:00Z,0.0107421875,,,0.080078125,0.400390625,PG - Ighombwe
2021-01-25T10:45:00Z,0.029296875,,,0.08984375,0.4404296875,PG - Ighombwe
2021-01-25T11:00:00Z,0.0107421875,,,0.0703125,0.46875,PG - Ighombwe
2021-01-25T11:15:00Z,0.080078125,,,0.0498046875,0.48046875,PG - Ighombwe
2021-01-25T11:30:00Z,0.26953125,,,,0.1806640625,PG - Ighombwe
2021-01-25T11:45:00Z,0.0302734375,,,0.2294921875,0.400390625,PG - Ighombwe
2021-01-25T12:00:00Z,0.0400390625,,,0.1708984375,0.4287109375,PG - Ighombwe
2021-01-25T12:15:00Z,0.25,,,0.009765625,0.2109375,PG - Ighombwe
2021-01-25T12:30:00Z,0.080078125,,,0.1494140625,0.3095703125,PG - Ighombwe
2021-01-25T12:45:00Z,0.109375,,,0.0205078125,0.080078125,PG - Ighombwe
2021-01-25T13:00:00Z,0.150390625,,,,,PG - Ighombwe
2021-01-25T13:15:00Z,0.1396484375,,,,0.0205078125,PG - Ighombwe
2021-01-25T13:30:00Z,0.169921875,,,,,PG - Ighombwe
2021-01-25T13:45:00Z,0.1806640625,,,,0.01953125,PG - Ighombwe
2021-01-25T14:00:00Z,0.169921875,,,,0.01953125,PG - Ighombwe
2021-01-25T14:15:00Z,0.2099609375,,,,0.0205078125,PG - Ighombwe
2021-01-25T14:30:00Z,0.2392578125,,,,0.0107421875,PG - Ighombwe
2021-01-25T14:45:00Z,0.2607421875,,,,0.009765625,PG - Ighombwe
2021-01-25T15:00:00Z,0.2392578125,,,,,PG - Ighombwe
2021-01-25T15:15:00Z,0.23046875,,,,,PG - Ighombwe
2021-01-25T15:30:00Z,0.0498046875,,,,,PG - Ighombwe
2021-01-25T15:45:00Z,0.009765625,,,,,PG - Ighombwe
2021-01-25T16:15:00Z,0.0107421875,,,,,PG - Ighombwe
2021-01-25T17:00:00Z,0.009765625,,,,,PG - Ighombwe
2021-01-25T17:30:00Z,0.009765625,,,,,PG - Ighombwe
2021-01-25T18:00:00Z,0.009765625,,,,,PG - Ighombwe
2021-01-25T18:45:00Z,0.0107421875,,,,,PG - Ighombwe
2021-01-25T19:15:00Z,0.009765625,,,,,PG - Ighombwe
2021-01-25T19:45:00Z,0.009765625,,,,,PG - Ighombwe
2021-01-25T20:30:00Z,0.009765625,,,,,PG - Ighombwe
2021-01-25T21:00:00Z,0.0107421875,,,,,PG - Ighombwe
2021-01-25T21:45:00Z,0.009765625,,,,,PG - Ighombwe
2021-01-25T22:15:00Z,0.009765625,,,,,PG - Ighombwe
2021-01-25T22:45:00Z,0.009765625,,,,,PG - Ighombwe
2021-01-25T23:30:00Z,0.0107421875,,,,,PG - Ighombwe
2021-01-26T00:00:00Z,0.009765625,,,,,PG - Ighombwe
2021-01-26T00:45:00Z,0.009765625,,,,,PG - Ighombwe
2021-01-26T01:15:00Z,0.009765625,,,,,PG - Ighombwe
2021-01-26T01:45:00Z,0.0107421875,,,,,PG - Ighombwe
2021-01-26T02:30:00Z,0.009765625,,,,,PG - Ighombwe
2021-01-26T03:00:00Z,0.009765625,,,,,PG - Ighombwe
2021-01-26T03:30:00Z,0.009765625,,,,,PG - Ighombwe
2021-01-26T04:15:00Z,,,,0.009765625,0.009765625,PG - Ighombwe
2021-01-26T04:30:00Z,,,,0.0302734375,0.009765625,PG - Ighombwe
2021-01-26T04:45:00Z,,,,0.0595703125,0.01953125,PG - Ighombwe
2021-01-26T05:00:00Z,,,,0.08984375,0.0205078125,PG - Ighombwe
2021-01-26T05:15:00Z,,,,0.080078125,0.01953125,PG - Ighombwe
2021-01-26T05:30:00Z,,,,0.0703125,0.009765625,PG - Ighombwe
2021-01-26T05:45:00Z,,,,0.1103515625,0.0205078125,PG - Ighombwe
2021-01-26T06:00:00Z,,,,0.1494140625,0.0205078125,PG - Ighombwe
2021-01-26T06:15:00Z,,,,0.2099609375,0.01953125,PG - Ighombwe
2021-01-26T06:30:00Z,,,,0.30078125,0.0302734375,PG - Ighombwe
2021-01-26T06:45:00Z,,,,0.169921875,0.029296875,PG - Ighombwe
2021-01-26T07:00:00Z,,,,0.2099609375,0.0205078125,PG - Ighombwe
2021-01-26T07:15:00Z,,,,0.2392578125,0.0302734375,PG - Ighombwe
2021-01-26T07:30:00Z,,,,0.2802734375,0.01953125,PG - Ighombwe
2021-01-26T07:45:00Z,,,,0.2900390625,0.0302734375,PG - Ighombwe
2021-01-26T08:00:00Z,,,,0.259765625,0.0400390625,PG - Ighombwe
2021-01-26T08:15:00Z,,,,0.1904296875,0.150390625,PG - Ighombwe
2021-01-26T08:30:00Z,0.009765625,,,0.189453125,0.25,PG - Ighombwe
2021-01-26T08:45:00Z,0.0302734375,,,0.1708984375,0.3896484375,PG - Ighombwe
2021-01-26T09:00:00Z,0.0302734375,,,0.1494140625,0.390625,PG - Ighombwe
2021-01-26T09:15:00Z,0.01953125,,,0.1298828125,0.359375,PG - Ighombwe
2021-01-26T09:30:00Z,0.0302734375,,,0.1201171875,0.390625,PG - Ighombwe
2021-01-26T09:45:00Z,0.0400390625,,,0.1201171875,0.359375,PG - Ighombwe
2021-01-26T10:00:00Z,0.0205078125,,,0.1103515625,0.359375,PG - Ighombwe
2021-01-26T10:15:00Z,,,,0.080078125,0.3203125,PG - Ighombwe
2021-01-26T10:30:00Z,,,,0.0791015625,0.3408203125,PG - Ighombwe
2021-01-26T10:45:00Z,0.009765625,,,0.080078125,0.349609375,PG - Ighombwe
2021-01-26T11:00:00Z,0.0400390625,,,0.080078125,0.5205078125,PG - Ighombwe
2021-01-26T11:15:00Z,0.1298828125,,,0.1201171875,0.3994140625,PG - Ighombwe
2021-01-26T11:30:00Z,0.01953125,,,0.1005859375,0.458984375,PG - Ighombwe
2021-01-26T11:45:00Z,0.060546875,,,0.08984375,0.3505859375,PG - Ighombwe
2021-01-26T12:00:00Z,0.2099609375,,,0.0400390625,0.33984375,PG - Ighombwe
2021-01-26T12:15:00Z,0.099609375,,,0.0595703125,0.390625,PG - Ighombwe
2021-01-26T12:30:00Z,0.2001953125,,,0.0205078125,0.189453125,PG - Ighombwe
2021-01-26T12:45:00Z,0.009765625,,,0.1201171875,0.3994140625,PG - Ighombwe
2021-01-26T13:00:00Z,0.0205078125,,,0.0595703125,0.4306640625,PG - Ighombwe
2021-01-26T13:15:00Z,0.279296875,,,0.009765625,0.23046875,PG - Ighombwe
2021-01-26T13:30:00Z,0.080078125,,,0.0302734375,0.3896484375,PG - Ighombwe
2021-01-26T13:45:00Z,0.0908203125,,,0.0400390625,0.3291015625,PG - Ighombwe
2021-01-26T14:00:00Z,0.0693359375,,,0.009765625,0.380859375,PG - Ighombwe
2021-01-26T14:15:00Z,0.060546875,,,0.009765625,0.0703125,PG - Ighombwe
2021-01-26T14:30:00Z,0.0400390625,,,,,PG - Ighombwe
2021-01-26T14:45:00Z,0.099609375,,,,0.009765625,PG - Ighombwe
2021-01-26T15:00:00Z,0.0595703125,,,,,PG - Ighombwe
2021-01-26T15:30:00Z,0.0107421875,,,,,PG - Ighombwe
2021-01-26T16:00:00Z,0.009765625,,,,,PG - Ighombwe
2021-01-26T16:30:00Z,0.009765625,,,,,PG - Ighombwe
2021-01-26T17:15:00Z,0.009765625,,,,,PG - Ighombwe
2021-01-26T17:45:00Z,0.0107421875,,,,,PG - Ighombwe
2021-01-26T18:15:00Z,0.009765625,,,,,PG - Ighombwe
2021-01-26T18:45:00Z,0.009765625,,,,,PG - Ighombwe
2021-01-26T19:30:00Z,0.009765625,,,,,PG - Ighombwe
2021-01-26T20:00:00Z,0.0107421875,,,,,PG - Ighombwe
2021-01-26T20:30:00Z,0.009765625,,,,,PG - Ighombwe
2021-01-26T21:15:00Z,0.009765625,,,,,PG - Ighombwe
2021-01-26T21:45:00Z,0.009765625,,,,,PG - Ighombwe
2021-01-26T22:15:00Z,0.0107421875,,,,,PG - Ighombwe
2021-01-26T22:45:00Z,0.009765625,,,,,PG - Ighombwe
2021-01-26T23:30:00Z,0.009765625,,,,,PG - Ighombwe
2021-01-27T00:00:00Z,0.009765625,,,,,PG - Ighombwe
2021-01-27T00:30:00Z,0.0107421875,,,,,PG - Ighombwe
2021-01-27T01:15:00Z,0.009765625,,,,,PG - Ighombwe
2021-01-27T01:45:00Z,0.009765625,,,,,PG - Ighombwe
2021-01-27T02:15:00Z,0.009765625,,,,,PG - Ighombwe
2021-01-27T03:00:00Z,0.0107421875,,,,,PG - Ighombwe
2021-01-27T03:30:00Z,0.009765625,,,,,PG - Ighombwe
2021-01-27T04:00:00Z,,,,0.0107421875,0.0087890625,PG - Ighombwe
2021-01-27T04:15:00Z,,,,,0.021484375,PG - Ighombwe
2021-01-27T04:30:00Z,,,,0.01953125,0.009765625,PG - Ighombwe
2021-01-27T04:45:00Z,,,,0.0205078125,0.01953125,PG - Ighombwe
2021-01-27T05:00:00Z,,,,0.0498046875,0.009765625,PG - Ighombwe
2021-01-27T05:15:00Z,,,,0.0498046875,0.0205078125,PG - Ighombwe
2021-01-27T05:30:00Z,,,,0.0595703125,0.0107421875,PG - Ighombwe
2021-01-27T05:45:00Z,,,,0.0908203125,0.01953125,PG - Ighombwe
2021-01-27T06:00:00Z,,,,0.1396484375,0.01953125,PG - Ighombwe
2021-01-27T06:15:00Z,,,,0.189453125,0.03125,PG - Ighombwe
2021-01-27T06:30:00Z,,,,0.23046875,0.0185546875,PG - Ighombwe
2021-01-27T06:45:00Z,,,,0.1796875,0.03125,PG - Ighombwe
2021-01-27T07:00:00Z,,,,0.150390625,0.01953125,PG - Ighombwe
2021-01-27T07:15:00Z,,,,0.1298828125,0.0107421875,PG - Ighombwe
2021-01-27T07:30:00Z,,,,0.099609375,0.029296875,PG - Ighombwe
2021-01-27T07:45:00Z,,,,0.0908203125,0.1494140625,PG - Ighombwe
2021-01-27T08:00:00Z,0.009765625,,,0.080078125,0.23046875,PG - Ighombwe
2021-01-27T08:15:00Z,,,,0.0791015625,0.2998046875,PG - Ighombwe
2021-01-27T08:30:00Z,0.009765625,,,0.0703125,0.310546875,PG - Ighombwe
2021-01-27T08:45:00Z,,,,0.0703125,0.2294921875,PG - Ighombwe
2021-01-27T09:00:00Z,0.009765625,,,0.0595703125,0.220703125,PG - Ighombwe
2021-01-27T09:15:00Z,,,,0.060546875,0.21875,PG - Ighombwe
2021-01-27T09:30:00Z,,,,0.0595703125,0.201171875,PG - Ighombwe
2021-01-27T09:45:00Z,,,,0.0498046875,0.2099609375,PG - Ighombwe
2021-01-27T10:00:00Z,0.0107421875,,,0.060546875,0.19921875,PG - Ighombwe
2021-01-27T10:15:00Z,,,,0.0595703125,0.2607421875,PG - Ighombwe
2021-01-27T10:30:00Z,,,,0.0498046875,0.33984375,PG - Ighombwe
2021-01-27T10:45:00Z,,,,0.05078125,0.3896484375,PG - Ighombwe
2021-01-27T11:00:00Z,,,,0.0595703125,0.3505859375,PG - Ighombwe
2021-01-27T11:15:00Z,,,,0.0595703125,0.3203125,PG - Ighombwe
2021-01-27T11:30:00Z,,,,0.060546875,0.279296875,PG - Ighombwe
2021-01-30T09:45:00Z,0.109375,,,,0.05859375,PG - Ighombwe
2021-01-30T10:00:00Z,0.0908203125,,,,0.080078125,PG - Ighombwe
2021-01-30T10:15:00Z,0.0693359375,,,,0.1015625,PG - Ighombwe
2021-01-30T10:30:00Z,0.060546875,,,,0.109375,PG - Ighombwe
2021-01-30T10:45:00Z,0.1494140625,,,,0.12890625,PG - Ighombwe
2021-01-30T11:00:00Z,0.0908203125,,,,0.150390625,PG - Ighombwe
2021-01-30T11:15:00Z,0.109375,,,,0.1796875,PG - Ighombwe
2021-01-30T11:30:00Z,0.08984375,,,,0.1904296875,PG - Ighombwe
2021-01-30T11:45:00Z,0.060546875,,,,0.240234375,PG - Ighombwe
2021-01-30T12:00:00Z,0.1494140625,,,0.009765625,0.1708984375,PG - Ighombwe
2021-01-30T12:15:00Z,0.16015625,,,0.0205078125,0.0791015625,PG - Ighombwe
2021-01-30T12:30:00Z,0.150390625,,,0.009765625,0.060546875,PG - Ighombwe
2021-01-30T12:45:00Z,0.189453125,,,,0.080078125,PG - Ighombwe
2021-01-30T13:00:00Z,0.1201171875,,,,0.0498046875,PG - Ighombwe
2021-01-30T13:15:00Z,0.1201171875,,,,0.0400390625,PG - Ighombwe
2021-01-30T13:30:00Z,0.1396484375,,,,0.01953125,PG - Ighombwe
2021-01-30T13:45:00Z,0.140625,,,,0.01953125,PG - Ighombwe
2021-01-30T14:00:00Z,0.1396484375,,,,0.009765625,PG - Ighombwe
2021-01-30T14:15:00Z,0.140625,,,,0.0107421875,PG - Ighombwe
2021-01-30T14:30:00Z,0.119140625,,,,0.0205078125,PG - Ighombwe
2021-01-30T14:45:00Z,0.130859375,,,,0.01953125,PG - Ighombwe
2021-01-30T15:00:00Z,0.119140625,,,,0.01953125,PG - Ighombwe
2021-01-30T15:15:00Z,0.130859375,,,,0.009765625,PG - Ighombwe
2021-01-30T15:30:00Z,0.109375,,,,,PG - Ighombwe
2021-01-30T15:45:00Z,0.1298828125,,,,,PG - Ighombwe
2021-01-30T16:00:00Z,0.0107421875,,,,,PG - Ighombwe
2021-01-30T16:15:00Z,0.009765625,,,,,PG - Ighombwe
2021-01-30T16:45:00Z,0.009765625,,,,,PG - Ighombwe
2021-01-30T17:15:00Z,0.009765625,,,,,PG - Ighombwe
2021-01-30T17:45:00Z,0.0107421875,,,,,PG - Ighombwe
2021-01-30T18:15:00Z,0.009765625,,,,,PG - Ighombwe
2021-01-30T18:45:00Z,0.009765625,,,,,PG - Ighombwe
2021-01-30T19:15:00Z,0.009765625,,,,,PG - Ighombwe
2021-01-30T19:45:00Z,0.009765625,,,,,PG - Ighombwe
2021-01-30T20:30:00Z,0.0107421875,,,,,PG - Ighombwe
2021-01-30T21:00:00Z,0.009765625,,,,,PG - Ighombwe
2021-01-30T21:30:00Z,0.009765625,,,,,PG - Ighombwe
2021-01-30T22:00:00Z,0.009765625,,,,,PG - Ighombwe
2021-01-30T22:30:00Z,0.0107421875,,,,,PG - Ighombwe
2021-01-30T23:00:00Z,0.009765625,,,,,PG - Ighombwe
2021-01-30T23:30:00Z,0.009765625,,,,,PG - Ighombwe
2021-01-31T00:00:00Z,0.009765625,,,,,PG - Ighombwe
2021-01-31T00:30:00Z,0.0107421875,,,,,PG - Ighombwe
2021-01-31T01:00:00Z,0.009765625,,,,,PG - Ighombwe
2021-01-31T01:45:00Z,0.009765625,,,,,PG - Ighombwe
2021-01-31T02:15:00Z,0.009765625,,,,,PG - Ighombwe
2021-01-31T02:45:00Z,0.0107421875,,,,,PG - Ighombwe
2021-01-31T03:15:00Z,0.009765625,,,,,PG - Ighombwe
2021-01-31T03:45:00Z,0.009765625,,,,,PG - Ighombwe
2021-01-31T04:00:00Z,,,,0.009765625,0.0009765625,PG - Ighombwe
2021-01-31T04:15:00Z,,,,0.0302734375,0.009765625,PG - Ighombwe
2021-01-31T04:30:00Z,0.009765625,,,,0.080078125,PG - Ighombwe
2021-01-31T04:45:00Z,0.0205078125,,,,0.0498046875,PG - Ighombwe
2021-01-31T05:00:00Z,0.0302734375,,,,0.060546875,PG - Ighombwe
2021-01-31T05:15:00Z,0.01953125,,,,0.0693359375,PG - Ighombwe
2021-01-31T05:30:00Z,,,,0.0498046875,0.009765625,PG - Ighombwe
2021-01-31T05:45:00Z,,,,0.08984375,0.0302734375,PG - Ighombwe
2021-01-31T06:00:00Z,,,,0.150390625,0.009765625,PG - Ighombwe
2021-01-31T06:15:00Z,,,,0.1796875,0.0302734375,PG - Ighombwe
2021-01-31T06:30:00Z,,,,0.2607421875,0.029296875,PG - Ighombwe
2021-01-31T06:45:00Z,,,,0.33984375,0.0205078125,PG - Ighombwe
2021-01-31T07:00:00Z,,,,0.3994140625,0.0205078125,PG - Ighombwe
2021-01-31T07:15:00Z,,,,0.419921875,0.0498046875,PG - Ighombwe
2021-01-31T07:30:00Z,,,,0.4404296875,0.0205078125,PG - Ighombwe
2021-01-31T07:45:00Z,,,,0.4501953125,0.0390625,PG - Ighombwe
2021-01-31T08:00:00Z,,,,0.419921875,0.0302734375,PG - Ighombwe
2021-01-31T08:15:00Z,,,,0.3701171875,0.0400390625,PG - Ighombwe
2021-01-31T08:30:00Z,,,,0.330078125,0.0302734375,PG - Ighombwe
2021-01-31T08:45:00Z,,,,0.2900390625,0.0888671875,PG - Ighombwe
2021-01-31T09:00:00Z,,,,0.259765625,0.140625,PG - Ighombwe
2021-01-31T09:15:00Z,,,,0.2197265625,0.189453125,PG - Ighombwe
2021-01-31T09:30:00Z,,,,0.2001953125,0.1796875,PG - Ighombwe
2021-01-31T09:45:00Z,,,,0.1796875,0.1806640625,PG - Ighombwe
2021-01-31T10:00:00Z,,,,0.150390625,0.1708984375,PG - Ighombwe
2021-01-31T10:15:00Z,,,,0.1396484375,0.169921875,PG - Ighombwe
2021-01-31T10:30:00Z,,,,0.1298828125,0.1796875,PG - Ighombwe
2021-01-31T10:45:00Z,,,,0.1298828125,0.16015625,PG - Ighombwe
2021-01-31T11:00:00Z,,,,0.1201171875,0.169921875,PG - Ighombwe
2021-01-31T11:15:00Z,,,,0.1103515625,0.169921875,PG - Ighombwe
2021-01-31T11:30:00Z,,,,0.080078125,0.1494140625,PG - Ighombwe
2021-01-31T11:45:00Z,0.009765625,,,0.08984375,0.1396484375,PG - Ighombwe
2021-01-31T12:00:00Z,,,,0.0703125,0.150390625,PG - Ighombwe
2021-01-31T12:15:00Z,,,,0.08984375,0.1796875,PG - Ighombwe
2021-01-31T12:30:00Z,,,,0.08984375,0.16015625,PG - Ighombwe
2021-01-31T12:45:00Z,,,,0.080078125,0.1611328125,PG - Ighombwe
2021-01-31T13:00:00Z,,,,0.0400390625,0.1591796875,PG - Ighombwe
2021-01-31T13:15:00Z,0.0302734375,,,,0.099609375,PG - Ighombwe
2021-01-31T13:30:00Z,0.0595703125,,,,0.080078125,PG - Ighombwe
2021-01-31T13:45:00Z,0.0703125,,,,0.080078125,PG - Ighombwe
2021-01-31T14:00:00Z,0.099609375,,,,0.0498046875,PG - Ighombwe
2021-01-31T14:15:00Z,0.150390625,,,,0.0302734375,PG - Ighombwe
2021-01-31T14:30:00Z,0.16015625,,,,0.0107421875,PG - Ighombwe
2021-01-31T14:45:00Z,0.169921875,,,,0.009765625,PG - Ighombwe
2021-01-31T15:00:00Z,0.1904296875,,,,,PG - Ighombwe
2021-01-31T15:15:00Z,0.19921875,,,,,PG - Ighombwe
2021-01-31T15:30:00Z,0.220703125,,,,,PG - Ighombwe
2021-01-31T15:45:00Z,0.2294921875,,,,,PG - Ighombwe
2021-01-31T16:00:00Z,0.2197265625,,,,,PG - Ighombwe
2021-01-31T16:15:00Z,0.1806640625,,,,,PG - Ighombwe
2021-01-31T16:30:00Z,0.1796875,,,,,PG - Ighombwe
2021-01-31T16:45:00Z,0.1904296875,,,,,PG - Ighombwe
2021-01-31T17:00:00Z,0.189453125,,,,,PG - Ighombwe
2021-01-31T17:15:00Z,0.1904296875,,,,,PG - Ighombwe
2021-01-31T17:30:00Z,0.1494140625,,,,,PG - Ighombwe
2021-01-31T17:45:00Z,0.150390625,,,,,PG - Ighombwe
2021-01-31T18:00:00Z,0.0703125,,,,,PG - Ighombwe
2021-01-31T18:30:00Z,0.009765625,,,,,PG - Ighombwe
2021-01-31T19:00:00Z,0.009765625,,,,,PG - Ighombwe
2021-01-31T19:30:00Z,0.009765625,,,,,PG - Ighombwe
2021-01-31T20:00:00Z,0.0107421875,,,,,PG - Ighombwe
2021-01-31T20:45:00Z,0.009765625,,,,,PG - Ighombwe
2021-01-31T21:15:00Z,0.009765625,,,,,PG - Ighombwe
2021-01-31T21:45:00Z,0.009765625,,,,,PG - Ighombwe
2021-01-31T22:15:00Z,0.0107421875,,,,,PG - Ighombwe
2021-01-31T22:45:00Z,0.009765625,,,,,PG - Ighombwe
2021-01-31T23:30:00Z,0.009765625,,,,,PG - Ighombwe
2021-02-01T00:00:00Z,0.009765625,,,,,PG - Ighombwe
2021-02-01T00:30:00Z,0.0107421875,,,,,PG - Ighombwe
2021-02-01T01:00:00Z,0.009765625,,,,,PG - Ighombwe
2021-02-01T01:45:00Z,0.009765625,,,,,PG - Ighombwe
2021-02-01T02:15:00Z,0.009765625,,,,,PG - Ighombwe
2021-02-01T02:45:00Z,0.009765625,,,,,PG - Ighombwe
2021-02-01T03:30:00Z,0.0107421875,,,,,PG - Ighombwe
2021-02-01T03:45:00Z,,,,,0.009765625,PG - Ighombwe
2021-02-01T04:00:00Z,,,,0.009765625,0.009765625,PG - Ighombwe
2021-02-01T04:15:00Z,,,,0.0302734375,0.009765625,PG - Ighombwe
2021-02-01T04:30:00Z,,,,0.0703125,0.029296875,PG - Ighombwe
2021-02-01T04:45:00Z,,,,0.109375,0.021484375,PG - Ighombwe
2021-02-01T05:00:00Z,,,,0.140625,0.009765625,PG - Ighombwe
2021-02-01T05:15:00Z,,,,0.1494140625,0.0205078125,PG - Ighombwe
2021-02-01T05:30:00Z,,,,0.16015625,0.0185546875,PG - Ighombwe
2021-02-01T05:45:00Z,,,,0.1396484375,0.0205078125,PG - Ighombwe
2021-02-01T06:00:00Z,,,,0.150390625,0.0302734375,PG - Ighombwe
2021-02-01T06:15:00Z,,,,0.1796875,0.01953125,PG - Ighombwe
2021-02-01T06:30:00Z,,,,0.25,0.0205078125,PG - Ighombwe
2021-02-01T06:45:00Z,,,,0.330078125,0.0302734375,PG - Ighombwe
2021-02-01T07:00:00Z,,,,0.33984375,0.08984375,PG - Ighombwe
2021-02-01T07:15:00Z,,,,0.2900390625,0.1494140625,PG - Ighombwe
2021-02-01T07:30:00Z,,,,0.3203125,0.1298828125,PG - Ighombwe
2021-02-01T07:45:00Z,,,,0.3095703125,0.12109375,PG - Ighombwe
2021-02-01T08:00:00Z,,,,0.2802734375,0.109375,PG - Ighombwe
2021-02-01T08:15:00Z,,,,0.240234375,0.119140625,PG - Ighombwe
2021-02-01T08:30:00Z,,,,0.2001953125,0.25,PG - Ighombwe
2021-02-01T08:45:00Z,,,,0.169921875,0.2509765625,PG - Ighombwe
2021-02-01T09:00:00Z,,,,0.1396484375,0.2099609375,PG - Ighombwe
2021-02-01T09:15:00Z,0.009765625,,,0.1298828125,0.2998046875,PG - Ighombwe
2021-02-01T09:30:00Z,,,,0.1103515625,0.2998046875,PG - Ighombwe
2021-02-01T09:45:00Z,,,,0.009765625,0.05078125,PG - Ighombwe
2021-02-01T10:00:00Z,,,,0.08984375,0.2197265625,PG - Ighombwe
2021-02-01T10:15:00Z,,,,0.0908203125,0.1396484375,PG - Ighombwe
2021-02-01T10:30:00Z,,,,0.080078125,0.2705078125,PG - Ighombwe
2021-02-01T10:45:00Z,0.009765625,,,0.0693359375,0.25,PG - Ighombwe
2021-02-01T11:00:00Z,0.060546875,,,0.1298828125,0.240234375,PG - Ighombwe
2021-02-01T11:15:00Z,0.0400390625,,,0.1005859375,0.25,PG - Ighombwe
2021-02-01T11:30:00Z,0.0400390625,,,0.099609375,0.25,PG - Ighombwe
2021-02-01T11:45:00Z,0.029296875,,,0.08984375,0.2392578125,PG - Ighombwe
2021-02-01T12:00:00Z,0.0498046875,,,0.080078125,0.2001953125,PG - Ighombwe
2021-02-01T12:15:00Z,0.0107421875,,,0.080078125,0.220703125,PG - Ighombwe
2021-02-01T12:30:00Z,,,,0.080078125,0.2998046875,PG - Ighombwe
2021-02-01T12:45:00Z,,,,0.0703125,0.3291015625,PG - Ighombwe
2021-02-01T13:00:00Z,0.01953125,,,0.0693359375,0.271484375,PG - Ighombwe
2021-02-01T13:15:00Z,0.0703125,,,0.0400390625,0.1787109375,PG - Ighombwe
2021-02-01T13:30:00Z,0.080078125,,,0.0400390625,0.1806640625,PG - Ighombwe
2021-02-01T13:45:00Z,,,,0.16015625,0.1396484375,PG - Ighombwe
2021-02-01T14:00:00Z,0.009765625,,,0.060546875,0.1201171875,PG - Ighombwe
2021-02-01T14:15:00Z,,,,0.009765625,0.1396484375,PG - Ighombwe
2021-02-01T14:30:00Z,0.009765625,,,0.0498046875,0.1103515625,PG - Ighombwe
2021-02-01T14:45:00Z,0.0302734375,,,,0.109375,PG - Ighombwe
2021-02-01T15:00:00Z,0.01953125,,,,0.130859375,PG - Ighombwe
2021-02-01T15:15:00Z,0.060546875,,,,0.080078125,PG - Ighombwe
2021-02-01T15:30:00Z,0.1201171875,,,,0.01953125,PG - Ighombwe
2021-02-01T15:45:00Z,0.1396484375,,,,0.01953125,PG - Ighombwe
2021-02-01T16:00:00Z,0.16015625,,,,,PG - Ighombwe
2021-02-01T16:15:00Z,0.1796875,,,,,PG - Ighombwe
2021-02-01T16:30:00Z,0.150390625,,,,,PG - Ighombwe
2021-02-01T16:45:00Z,0.1796875,,,,,PG - Ighombwe
2021-02-01T17:00:00Z,0.220703125,,,,,PG - Ighombwe
2021-02-01T17:15:00Z,0.19921875,,,,,PG - Ighombwe
2021-02-01T17:30:00Z,0.23046875,,,,,PG - Ighombwe
2021-02-01T17:45:00Z,0.240234375,,,,,PG - Ighombwe
2021-02-01T18:00:00Z,0.2392578125,,,,,PG - Ighombwe
2021-02-01T18:15:00Z,0.080078125,,,,,PG - Ighombwe
2021-02-01T18:30:00Z,0.0107421875,,,,,PG - Ighombwe
2021-02-01T19:00:00Z,0.009765625,,,,,PG - Ighombwe
2021-02-01T19:45:00Z,0.009765625,,,,,PG - Ighombwe
2021-02-01T20:15:00Z,0.009765625,,,,,PG - Ighombwe
2021-02-01T20:45:00Z,0.009765625,,,,,PG - Ighombwe
2021-02-01T21:30:00Z,0.0107421875,,,,,PG - Ighombwe
2021-02-01T22:00:00Z,0.009765625,,,,,PG - Ighombwe
2021-02-01T22:30:00Z,0.009765625,,,,,PG - Ighombwe
2021-02-01T23:15:00Z,0.009765625,,,,,PG - Ighombwe
2021-02-01T23:45:00Z,0.0107421875,,,,,PG - Ighombwe
2021-02-02T00:30:00Z,0.009765625,,,,,PG - Ighombwe
2021-02-02T01:00:00Z,0.009765625,,,,,PG - Ighombwe
2021-02-02T01:30:00Z,0.009765625,,,,,PG - Ighombwe
2021-02-02T02:15:00Z,0.0107421875,,,,,PG - Ighombwe
2021-02-02T02:45:00Z,0.009765625,,,,,PG - Ighombwe
2021-02-02T03:15:00Z,0.009765625,,,,,PG - Ighombwe
2021-02-02T04:00:00Z,,,,0.0205078125,0.0107421875,PG - Ighombwe
2021-02-02T04:15:00Z,,,,0.029296875,0.0107421875,PG - Ighombwe
2021-02-02T04:30:00Z,,,,0.0498046875,0.0205078125,PG - Ighombwe
2021-02-02T04:45:00Z,,,,0.060546875,0.01953125,PG - Ighombwe
2021-02-02T05:00:00Z,,,,0.0703125,0.01953125,PG - Ighombwe
2021-02-02T05:15:00Z,,,,0.0595703125,0.0205078125,PG - Ighombwe
2021-02-02T05:30:00Z,,,,0.080078125,0.0087890625,PG - Ighombwe
2021-02-02T05:45:00Z,,,,0.08984375,0.03125,PG - Ighombwe
2021-02-02T06:00:00Z,,,,0.150390625,0.0087890625,PG - Ighombwe
2021-02-02T06:15:00Z,,,,0.16015625,0.0205078125,PG - Ighombwe
2021-02-02T06:30:00Z,,,,0.19921875,0.0810546875,PG - Ighombwe
2021-02-02T06:45:00Z,,,,0.1806640625,0.138671875,PG - Ighombwe
2021-02-02T07:00:00Z,,,,0.3095703125,0.1298828125,PG - Ighombwe
2021-02-02T07:15:00Z,,,,0.330078125,0.140625,PG - Ighombwe
2021-02-02T07:30:00Z,,,,0.2998046875,0.1103515625,PG - Ighombwe
2021-02-02T07:45:00Z,,,,0.25,0.1396484375,PG - Ighombwe
2021-02-02T08:00:00Z,,,,0.23046875,0.1103515625,PG - Ighombwe
2021-02-02T08:15:00Z,,,,0.1796875,0.1396484375,PG - Ighombwe
2021-02-02T08:30:00Z,,,,0.16015625,0.1796875,PG - Ighombwe
2021-02-02T08:45:00Z,,,,0.1396484375,0.1708984375,PG - Ighombwe
2021-02-02T09:00:00Z,,,,0.1298828125,0.1796875,PG - Ighombwe
2021-02-02T09:15:00Z,,,,0.1005859375,0.2197265625,PG - Ighombwe
2021-02-02T09:30:00Z,,,,0.099609375,0.220703125,PG - Ighombwe
2021-02-02T09:45:00Z,,,,0.08984375,0.25,PG - Ighombwe
2021-02-02T10:00:00Z,,,,0.080078125,0.26953125,PG - Ighombwe
2021-02-02T10:15:00Z,0.009765625,,,0.0703125,0.26953125,PG - Ighombwe
2021-02-02T10:30:00Z,0.0302734375,,,0.08984375,0.259765625,PG - Ighombwe
2021-02-02T10:45:00Z,0.0703125,,,0.1298828125,0.310546875,PG - Ighombwe
2021-02-02T11:00:00Z,,,,0.080078125,0.1806640625,PG - Ighombwe
2021-02-02T11:15:00Z,,,,0.0703125,0.19921875,PG - Ighombwe
2021-02-02T11:30:00Z,,,,0.080078125,0.189453125,PG - Ighombwe
2021-02-02T11:45:00Z,,,,0.080078125,0.2001953125,PG - Ighombwe
2021-02-02T12:00:00Z,,,,0.0595703125,0.2109375,PG - Ighombwe
2021-02-02T12:15:00Z,,,,0.080078125,0.169921875,PG - Ighombwe
2021-02-02T12:30:00Z,,,,0.0595703125,0.2001953125,PG - Ighombwe
2021-02-02T12:45:00Z,,,,0.080078125,0.2099609375,PG - Ighombwe
2021-02-02T13:00:00Z,,,,0.05078125,0.19921875,PG - Ighombwe
2021-02-02T13:15:00Z,0.009765625,,,0.009765625,0.2001953125,PG - Ighombwe
2021-02-02T13:30:00Z,0.009765625,,,0.009765625,0.23046875,PG - Ighombwe
2021-02-02T13:45:00Z,0.009765625,,,0.0205078125,0.2685546875,PG - Ighombwe
2021-02-02T14:00:00Z,0.0107421875,,,0.029296875,0.26171875,PG - Ighombwe
2021-02-02T14:15:00Z,0.109375,,,,0.1298828125,PG - Ighombwe
2021-02-02T14:30:00Z,0.140625,,,,0.0791015625,PG - Ighombwe
2021-02-02T14:45:00Z,0.1494140625,,,,0.060546875,PG - Ighombwe
2021-02-02T15:00:00Z,0.150390625,,,,0.0400390625,PG - Ighombwe
2021-02-02T15:15:00Z,0.1796875,,,,0.0205078125,PG - Ighombwe
2021-02-02T15:30:00Z,0.169921875,,,,0.009765625,PG - Ighombwe
2021-02-02T15:45:00Z,0.150390625,,,,,PG - Ighombwe
2021-02-02T16:00:00Z,0.189453125,,,,,PG - Ighombwe
2021-02-02T16:15:00Z,0.23046875,,,,,PG - Ighombwe
2021-02-02T16:30:00Z,0.23046875,,,,,PG - Ighombwe
2021-02-02T16:45:00Z,0.2197265625,,,,,PG - Ighombwe
2021-02-02T17:00:00Z,0.01953125,,,,,PG - Ighombwe
2021-02-02T17:30:00Z,0.0107421875,,,,,PG - Ighombwe
2021-02-02T18:00:00Z,0.009765625,,,,,PG - Ighombwe
2021-02-02T18:45:00Z,0.009765625,,,,,PG - Ighombwe
2021-02-02T19:15:00Z,0.009765625,,,,,PG - Ighombwe
2021-02-02T20:00:00Z,0.009765625,,,,,PG - Ighombwe
2021-02-02T20:45:00Z,0.0107421875,,,,,PG - Ighombwe
2021-02-02T21:15:00Z,0.009765625,,,,,PG - Ighombwe
2021-02-02T22:00:00Z,0.009765625,,,,,PG - Ighombwe
2021-02-02T22:30:00Z,0.009765625,,,,,PG - Ighombwe
2021-02-02T23:15:00Z,0.0107421875,,,,,PG - Ighombwe
2021-02-03T00:00:00Z,0.009765625,,,,,PG - Ighombwe
2021-02-03T00:30:00Z,0.009765625,,,,,PG - Ighombwe
2021-02-03T01:15:00Z,0.009765625,,,,,PG - Ighombwe
2021-02-03T01:45:00Z,0.0107421875,,,,,PG - Ighombwe
2021-02-03T02:30:00Z,0.009765625,,,,,PG - Ighombwe
2021-02-03T03:15:00Z,0.009765625,,,,,PG - Ighombwe
2021-02-03T04:00:00Z,,,,0.009765625,0.009765625,PG - Ighombwe
2021-02-03T04:15:00Z,,,,0.01953125,,PG - Ighombwe
2021-02-03T04:30:00Z,,,,0.009765625,0.0107421875,PG - Ighombwe
2021-02-03T04:45:00Z,,,,0.009765625,0.0205078125,PG - Ighombwe
2021-02-03T05:00:00Z,,,,0.0400390625,0.009765625,PG - Ighombwe
2021-02-03T05:15:00Z,,,,0.0908203125,0.009765625,PG - Ighombwe
2021-02-03T05:30:00Z,,,,0.109375,0.0205078125,PG - Ighombwe
2021-02-03T05:45:00Z,,,,0.08984375,0.01953125,PG - Ighombwe
2021-02-03T06:00:00Z,,,,0.150390625,0.01953125,PG - Ighombwe
2021-02-03T06:15:00Z,,,,0.1904296875,0.0107421875,PG - Ighombwe
2021-02-03T06:30:00Z,,,,0.2294921875,0.0400390625,PG - Ighombwe
2021-02-03T06:45:00Z,,,,0.330078125,0.01953125,PG - Ighombwe
2021-02-03T07:00:00Z,,,,0.33984375,0.0302734375,PG - Ighombwe
2021-02-03T07:15:00Z,,,,0.25,0.1494140625,PG - Ighombwe
2021-02-03T07:30:00Z,,,,0.2099609375,0.220703125,PG - Ighombwe
2021-02-03T07:45:00Z,,,,0.1904296875,0.189453125,PG - Ighombwe
2021-02-03T08:00:00Z,,,,0.169921875,0.23046875,PG - Ighombwe
2021-02-03T08:15:00Z,,,,0.1494140625,0.2197265625,PG - Ighombwe
2021-02-03T08:30:00Z,,,,0.140625,0.240234375,PG - Ighombwe
2021-02-03T08:45:00Z,,,,0.109375,0.3505859375,PG - Ighombwe
2021-02-03T09:00:00Z,,,,0.1005859375,0.3193359375,PG - Ighombwe
2021-02-03T09:15:00Z,,,,0.08984375,0.3603515625,PG - Ighombwe
2021-02-03T09:30:00Z,,,,0.080078125,0.3193359375,PG - Ighombwe
2021-02-03T09:45:00Z,,,,0.080078125,0.25,PG - Ighombwe
2021-02-03T10:00:00Z,0.0302734375,,,0.08984375,0.3095703125,PG - Ighombwe
2021-02-03T10:15:00Z,0.01953125,,,0.08984375,0.2802734375,PG - Ighombwe
2021-02-03T10:30:00Z,0.0400390625,,,0.1103515625,0.2900390625,PG - Ighombwe
2021-02-03T10:45:00Z,0.0498046875,,,0.109375,0.30078125,PG - Ighombwe
2021-02-03T11:00:00Z,0.0302734375,,,0.0908203125,0.2294921875,PG - Ighombwe
2021-02-03T11:15:00Z,,,,0.0791015625,0.25,PG - Ighombwe
2021-02-03T11:30:00Z,0.0205078125,,,0.080078125,0.201171875,PG - Ighombwe
2021-02-03T11:45:00Z,0.009765625,,,0.080078125,0.19921875,PG - Ighombwe
2021-02-03T12:00:00Z,,,,0.08984375,0.1796875,PG - Ighombwe
2021-02-03T12:15:00Z,,,,0.080078125,0.2099609375,PG - Ighombwe
2021-02-03T12:30:00Z,,,,0.0908203125,0.1796875,PG - Ighombwe
2021-02-03T12:45:00Z,0.009765625,,,0.0498046875,0.189453125,PG - Ighombwe
2021-02-03T13:00:00Z,,,,,0.220703125,PG - Ighombwe
2021-02-03T13:15:00Z,,,,0.009765625,0.2099609375,PG - Ighombwe
2021-02-03T13:30:00Z,,,,,0.220703125,PG - Ighombwe
2021-02-03T13:45:00Z,,,,0.009765625,0.208984375,PG - Ighombwe
2021-02-03T14:00:00Z,,,,0.009765625,0.19140625,PG - Ighombwe
2021-02-03T14:15:00Z,0.0302734375,,,,0.2001953125,PG - Ighombwe
2021-02-03T14:30:00Z,0.08984375,,,,0.19921875,PG - Ighombwe
2021-02-03T14:45:00Z,0.150390625,,,,0.16015625,PG - Ighombwe
2021-02-03T15:00:00Z,0.169921875,,,,0.109375,PG - Ighombwe
2021-02-03T15:15:00Z,0.2001953125,,,,0.0703125,PG - Ighombwe
2021-02-03T15:30:00Z,0.279296875,,,,0.01953125,PG - Ighombwe
2021-02-03T15:45:00Z,0.259765625,,,,0.021484375,PG - Ighombwe
2021-02-03T16:00:00Z,0.1904296875,,,,,PG - Ighombwe
2021-02-03T16:15:00Z,0.150390625,,,,,PG - Ighombwe
2021-02-03T16:30:00Z,0.19921875,,,,,PG - Ighombwe
2021-02-03T16:45:00Z,0.05078125,,,,,PG - Ighombwe
2021-02-03T17:00:00Z,0.009765625,,,,,PG - Ighombwe
2021-02-03T17:30:00Z,0.009765625,,,,,PG - Ighombwe
2021-02-03T18:00:00Z,0.009765625,,,,,PG - Ighombwe
2021-02-03T18:30:00Z,0.0107421875,,,,,PG - Ighombwe
2021-02-03T19:15:00Z,0.009765625,,,,,PG - Ighombwe
2021-02-03T19:45:00Z,0.009765625,,,,,PG - Ighombwe
2021-02-03T20:15:00Z,0.009765625,,,,,PG - Ighombwe
2021-02-03T20:45:00Z,0.0107421875,,,,,PG - Ighombwe
2021-02-03T21:15:00Z,0.009765625,,,,,PG - Ighombwe
2021-02-03T22:00:00Z,0.009765625,,,,,PG - Ighombwe
2021-02-03T22:30:00Z,0.009765625,,,,,PG - Ighombwe
2021-02-03T23:00:00Z,0.0107421875,,,,,PG - Ighombwe
2021-02-03T23:30:00Z,0.009765625,,,,,PG - Ighombwe
2021-02-04T00:15:00Z,0.009765625,,,,,PG - Ighombwe
2021-02-04T00:45:00Z,0.009765625,,,,,PG - Ighombwe
2021-02-04T01:15:00Z,0.009765625,,,,,PG - Ighombwe
2021-02-04T01:45:00Z,0.0107421875,,,,,PG - Ighombwe
2021-02-04T02:30:00Z,0.009765625,,,,,PG - Ighombwe
2021-02-04T03:00:00Z,0.009765625,,,,,PG - Ighombwe
2021-02-04T03:30:00Z,0.009765625,,,,,PG - Ighombwe
2021-02-04T04:15:00Z,,,,0.009765625,0.01953125,PG - Ighombwe
2021-02-04T04:30:00Z,,,,0.0400390625,0.009765625,PG - Ighombwe
2021-02-04T04:45:00Z,,,,0.0703125,0.0205078125,PG - Ighombwe
2021-02-04T05:00:00Z,,,,0.099609375,0.009765625,PG - Ighombwe
2021-02-04T05:15:00Z,,,,0.099609375,0.0205078125,PG - Ighombwe
2021-02-04T05:30:00Z,,,,0.1201171875,0.01953125,PG - Ighombwe
2021-02-04T05:45:00Z,,,,0.1201171875,0.029296875,PG - Ighombwe
2021-02-04T06:00:00Z,,,,0.1201171875,0.0205078125,PG - Ighombwe
2021-02-04T06:15:00Z,,,,0.150390625,0.009765625,PG - Ighombwe
2021-02-04T06:30:00Z,,,,0.189453125,0.03125,PG - Ighombwe
2021-02-04T06:45:00Z,,,,0.25,0.01953125,PG - Ighombwe
2021-02-04T07:00:00Z,,,,0.23046875,0.01953125,PG - Ighombwe
2021-02-04T07:15:00Z,,,,0.169921875,0.0302734375,PG - Ighombwe
2021-02-04T07:30:00Z,,,,0.2099609375,0.029296875,PG - Ighombwe
2021-02-04T07:45:00Z,,,,0.2099609375,0.0205078125,PG - Ighombwe
2021-02-04T08:00:00Z,,,,0.1201171875,0.1298828125,PG - Ighombwe
2021-02-04T08:15:00Z,,,,0.1201171875,0.1904296875,PG - Ighombwe
2021-02-04T08:30:00Z,,,,0.109375,0.240234375,PG - Ighombwe
2021-02-04T08:45:00Z,,,,0.1201171875,0.189453125,PG - Ighombwe
2021-02-04T09:00:00Z,0.0107421875,,,0.1103515625,0.2890625,PG - Ighombwe
2021-02-04T09:15:00Z,0.109375,,,0.0498046875,0.291015625,PG - Ighombwe
2021-02-04T09:30:00Z,0.08984375,,,0.0302734375,0.2294921875,PG - Ighombwe
2021-02-04T09:45:00Z,0.1904296875,,,,0.1396484375,PG - Ighombwe
2021-02-04T10:00:00Z,0.169921875,,,0.009765625,0.130859375,PG - Ighombwe
2021-02-04T10:15:00Z,0.0703125,,,,0.169921875,PG - Ighombwe
2021-02-04T10:30:00Z,0.01953125,,,,0.240234375,PG - Ighombwe
2021-02-04T10:45:00Z,0.0302734375,,,,0.240234375,PG - Ighombwe
2021-02-04T11:00:00Z,0.0703125,,,,0.19921875,PG - Ighombwe
2021-02-04T11:15:00Z,0.109375,,,,0.150390625,PG - Ighombwe
2021-02-04T11:30:00Z,0.1005859375,,,,0.16015625,PG - Ighombwe
2021-02-04T11:45:00Z,0.0498046875,,,,0.208984375,PG - Ighombwe
2021-02-04T12:00:00Z,0.0595703125,,,,0.2109375,PG - Ighombwe
2021-02-04T12:15:00Z,0.0205078125,,,,0.240234375,PG - Ighombwe
2021-02-04T12:30:00Z,,,,0.0498046875,0.2490234375,PG - Ighombwe
2021-02-04T12:45:00Z,,,,0.1298828125,0.2314453125,PG - Ighombwe
2021-02-04T13:00:00Z,,,,0.240234375,0.228515625,PG - Ighombwe
2021-02-04T13:15:00Z,,,,0.1298828125,0.2109375,PG - Ighombwe
2021-02-04T13:30:00Z,0.0498046875,,,0.0205078125,0.19921875,PG - Ighombwe
2021-02-04T13:45:00Z,0.080078125,,,0.029296875,0.1904296875,PG - Ighombwe
2021-02-04T14:00:00Z,0.0498046875,,,0.0302734375,0.169921875,PG - Ighombwe
2021-02-04T14:15:00Z,0.1298828125,,,,0.16015625,PG - Ighombwe
2021-02-04T14:30:00Z,0.1103515625,,,,0.1796875,PG - Ighombwe
2021-02-04T14:45:00Z,0.189453125,,,,0.16015625,PG - Ighombwe
2021-02-04T15:00:00Z,0.1708984375,,,,0.140625,PG - Ighombwe
2021-02-04T15:15:00Z,0.169921875,,,,0.0595703125,PG - Ighombwe
2021-02-04T15:30:00Z,,,,0.0302734375,0.009765625,PG - Ighombwe
2021-02-04T15:45:00Z,,,,0.009765625,0.009765625,PG - Ighombwe
2021-02-04T16:15:00Z,0.009765625,,,,,PG - Ighombwe
2021-02-04T16:45:00Z,0.009765625,,,,,PG - Ighombwe
2021-02-04T17:15:00Z,0.009765625,,,,,PG - Ighombwe
2021-02-04T17:45:00Z,0.0107421875,,,,,PG - Ighombwe
2021-02-04T18:15:00Z,0.009765625,,,,,PG - Ighombwe
2021-02-04T19:00:00Z,0.009765625,,,,,PG - Ighombwe
2021-02-04T19:30:00Z,0.009765625,,,,,PG - Ighombwe
2021-02-04T20:00:00Z,0.0107421875,,,,,PG - Ighombwe
2021-02-04T20:30:00Z,0.009765625,,,,,PG - Ighombwe
2021-02-04T21:15:00Z,0.009765625,,,,,PG - Ighombwe
2021-02-04T21:45:00Z,0.009765625,,,,,PG - Ighombwe
2021-02-04T22:15:00Z,0.0107421875,,,,,PG - Ighombwe
2021-02-04T23:00:00Z,0.009765625,,,,,PG - Ighombwe
2021-02-04T23:30:00Z,0.009765625,,,,,PG - Ighombwe
2021-02-05T00:00:00Z,0.009765625,,,,,PG - Ighombwe
2021-02-05T00:30:00Z,0.009765625,,,,,PG - Ighombwe
2021-02-05T01:15:00Z,0.0107421875,,,,,PG - Ighombwe
2021-02-05T01:45:00Z,0.009765625,,,,,PG - Ighombwe
2021-02-05T02:15:00Z,0.009765625,,,,,PG - Ighombwe
2021-02-05T02:45:00Z,0.009765625,,,,,PG - Ighombwe
2021-02-05T03:30:00Z,0.0107421875,,,,,PG - Ighombwe
2021-02-05T04:00:00Z,,,,0.009765625,0.0009765625,PG - Ighombwe
2021-02-05T04:15:00Z,,,,0.0205078125,0.0087890625,PG - Ighombwe
2021-02-05T04:30:00Z,,,,0.01953125,0.03125,PG - Ighombwe
2021-02-05T04:45:00Z,,,,0.080078125,0.009765625,PG - Ighombwe
2021-02-05T05:00:00Z,,,,0.08984375,0.009765625,PG - Ighombwe
2021-02-05T05:15:00Z,,,,0.0703125,0.01953125,PG - Ighombwe
2021-02-05T05:30:00Z,,,,0.0595703125,0.0302734375,PG - Ighombwe
2021-02-05T05:45:00Z,,,,0.080078125,0.0107421875,PG - Ighombwe
2021-02-05T06:00:00Z,,,,0.140625,0.0087890625,PG - Ighombwe
2021-02-05T06:15:00Z,,,,0.1396484375,0.0302734375,PG - Ighombwe
2021-02-05T06:30:00Z,,,,0.23046875,0.01953125,PG - Ighombwe
2021-02-05T06:45:00Z,,,,0.259765625,0.0302734375,PG - Ighombwe
2021-02-05T07:00:00Z,,,,0.2197265625,0.0302734375,PG - Ighombwe
2021-02-05T07:15:00Z,,,,0.1904296875,0.009765625,PG - Ighombwe
2021-02-05T07:30:00Z,,,,0.1494140625,0.041015625,PG - Ighombwe
2021-02-05T07:45:00Z,,,,0.140625,0.0087890625,PG - Ighombwe
2021-02-05T08:00:00Z,,,,0.1298828125,0.0205078125,PG - Ighombwe
2021-02-05T08:15:00Z,,,,0.099609375,0.0302734375,PG - Ighombwe
2021-02-05T08:30:00Z,,,,0.1005859375,0.1494140625,PG - Ighombwe
2021-02-05T08:45:00Z,0.009765625,,,0.08984375,0.220703125,PG - Ighombwe
2021-02-05T09:00:00Z,,,,0.080078125,0.2392578125,PG - Ighombwe
2021-02-05T09:15:00Z,,,,0.080078125,0.2392578125,PG - Ighombwe
2021-02-05T09:30:00Z,,,,0.0693359375,0.26171875,PG - Ighombwe
2021-02-05T09:45:00Z,0.009765625,,,0.060546875,0.2490234375,PG - Ighombwe
2021-02-05T10:00:00Z,0.060546875,,,,0.1796875,PG - Ighombwe
2021-02-05T10:15:00Z,0.01953125,,,0.0400390625,0.25,PG - Ighombwe
2021-02-05T10:30:00Z,0.0205078125,,,0.08984375,0.2607421875,PG - Ighombwe
2021-02-05T10:45:00Z,,,,0.080078125,0.259765625,PG - Ighombwe
2021-02-05T11:00:00Z,0.029296875,,,0.0498046875,0.26953125,PG - Ighombwe
2021-02-05T11:15:00Z,0.0703125,,,0.0498046875,0.2109375,PG - Ighombwe
2021-02-05T11:30:00Z,0.1201171875,,,,0.150390625,PG - Ighombwe
2021-02-05T11:45:00Z,0.08984375,,,0.08984375,0.208984375,PG - Ighombwe
2021-02-05T12:00:00Z,0.0703125,,,0.060546875,0.2001953125,PG - Ighombwe
2021-02-05T12:15:00Z,0.0595703125,,,0.109375,0.2001953125,PG - Ighombwe
2021-02-05T12:30:00Z,,,,0.169921875,0.259765625,PG - Ighombwe
2021-02-05T12:45:00Z,,,,0.130859375,0.25,PG - Ighombwe
2021-02-05T13:00:00Z,0.0205078125,,,0.0693359375,0.3505859375,PG - Ighombwe
2021-02-05T13:15:00Z,0.01953125,,,0.0302734375,0.3798828125,PG - Ighombwe
2021-02-05T13:30:00Z,0.150390625,,,0.0302734375,0.3291015625,PG - Ighombwe
2021-02-05T13:45:00Z,0.259765625,,,,0.30078125,PG - Ighombwe
2021-02-05T14:00:00Z,0.25,,,,0.25,PG - Ighombwe
2021-02-05T14:15:00Z,0.150390625,,,0.01953125,0.19921875,PG - Ighombwe
2021-02-05T14:30:00Z,0.119140625,,,0.0302734375,0.1708984375,PG - Ighombwe
2021-02-05T14:45:00Z,0.140625,,,0.009765625,0.169921875,PG - Ighombwe
2021-02-05T15:00:00Z,0.0498046875,,,0.0302734375,0.1494140625,PG - Ighombwe
2021-02-05T15:15:00Z,0.0400390625,,,,0.12109375,PG - Ighombwe
2021-02-05T15:30:00Z,0.1298828125,,,,0.05859375,PG - Ighombwe
2021-02-05T15:45:00Z,0.169921875,,,,0.0205078125,PG - Ighombwe
2021-02-05T16:00:00Z,0.1796875,,,,,PG - Ighombwe
2021-02-05T16:15:00Z,0.2001953125,,,,,PG - Ighombwe
2021-02-05T16:30:00Z,0.0205078125,,,,,PG - Ighombwe
2021-02-05T16:45:00Z,0.009765625,,,,,PG - Ighombwe
2021-02-05T17:15:00Z,0.009765625,,,,,PG - Ighombwe
2021-02-05T17:45:00Z,0.009765625,,,,,PG - Ighombwe
2021-02-05T18:30:00Z,0.0107421875,,,,,PG - Ighombwe
2021-02-05T19:00:00Z,0.009765625,,,,,PG - Ighombwe
2021-02-05T19:30:00Z,0.009765625,,,,,PG - Ighombwe
2021-02-05T20:15:00Z,0.009765625,,,,,PG - Ighombwe
2021-02-05T20:45:00Z,0.0107421875,,,,,PG - Ighombwe
2021-02-05T21:15:00Z,0.009765625,,,,,PG - Ighombwe
2021-02-05T22:00:00Z,0.009765625,,,,,PG - Ighombwe
2021-02-05T22:30:00Z,0.009765625,,,,,PG - Ighombwe
2021-02-05T23:15:00Z,0.0107421875,,,,,PG - Ighombwe
2021-02-05T23:45:00Z,0.009765625,,,,,PG - Ighombwe
2021-02-06T00:15:00Z,0.009765625,,,,,PG - Ighombwe
2021-02-06T01:00:00Z,0.009765625,,,,,PG - Ighombwe
2021-02-06T01:30:00Z,0.0107421875,,,,,PG - Ighombwe
2021-02-06T02:00:00Z,0.009765625,,,,,PG - Ighombwe
2021-02-06T02:45:00Z,0.009765625,,,,,PG - Ighombwe
2021-02-06T03:15:00Z,0.009765625,,,,,PG - Ighombwe
2021-02-06T04:15:00Z,,,,0.0205078125,0.01953125,PG - Ighombwe
2021-02-06T04:30:00Z,,,,0.0302734375,0.0087890625,PG - Ighombwe
2021-02-06T04:45:00Z,,,,0.0498046875,0.0107421875,PG - Ighombwe
2021-02-06T05:00:00Z,,,,0.0693359375,0.0205078125,PG - Ighombwe
2021-02-06T05:15:00Z,,,,0.1103515625,0.0205078125,PG - Ighombwe
2021-02-06T05:30:00Z,,,,0.1201171875,0.029296875,PG - Ighombwe
2021-02-06T05:45:00Z,,,,0.1103515625,0.009765625,PG - Ighombwe
2021-02-06T06:00:00Z,,,,0.169921875,0.0302734375,PG - Ighombwe
2021-02-06T06:15:00Z,,,,0.189453125,0.0205078125,PG - Ighombwe
2021-02-06T06:30:00Z,,,,0.1103515625,0.01953125,PG - Ighombwe
2021-02-06T06:45:00Z,,,,0.109375,0.0205078125,PG - Ighombwe
2021-02-06T07:00:00Z,,,,0.2900390625,0.0400390625,PG - Ighombwe
2021-02-06T07:15:00Z,,,,0.2900390625,0.0400390625,PG - Ighombwe
2021-02-06T07:30:00Z,,,,0.240234375,0.029296875,PG - Ighombwe
2021-02-06T07:45:00Z,,,,0.2001953125,0.0400390625,PG - Ighombwe
2021-02-06T08:00:00Z,,,,0.16015625,0.1298828125,PG - Ighombwe
2021-02-06T08:15:00Z,,,,0.1396484375,0.2001953125,PG - Ighombwe
2021-02-06T08:30:00Z,0.0107421875,,,0.0703125,0.2099609375,PG - Ighombwe
2021-02-06T08:45:00Z,,,,0.099609375,0.2705078125,PG - Ighombwe
2021-02-06T09:00:00Z,,,,0.1005859375,0.25,PG - Ighombwe
2021-02-06T09:15:00Z,0.01953125,,,0.0400390625,0.208984375,PG - Ighombwe
2021-02-06T09:30:00Z,,,,0.080078125,0.2412109375,PG - Ighombwe
2021-02-06T09:45:00Z,0.009765625,,,0.0791015625,0.3203125,PG - Ighombwe
2021-02-06T10:00:00Z,0.0400390625,,,0.05078125,0.2392578125,PG - Ighombwe
2021-02-06T10:15:00Z,0.060546875,,,0.099609375,0.3505859375,PG - Ighombwe
2021-02-06T10:30:00Z,0.1298828125,,,0.1103515625,0.30859375,PG - Ighombwe
2021-02-06T10:45:00Z,0.25,,,0.080078125,0.30078125,PG - Ighombwe
2021-02-06T11:00:00Z,0.029296875,,,0.2099609375,0.359375,PG - Ighombwe
2021-02-06T11:15:00Z,0.0302734375,,,0.0498046875,0.2705078125,PG - Ighombwe
2021-02-06T11:30:00Z,,,,0.16015625,0.3603515625,PG - Ighombwe
2021-02-06T11:45:00Z,,,,0.099609375,0.310546875,PG - Ighombwe
2021-02-06T12:00:00Z,0.009765625,,,0.080078125,0.3291015625,PG - Ighombwe
2021-02-06T12:15:00Z,,,,0.0703125,0.2900390625,PG - Ighombwe
2021-02-06T12:30:00Z,,,,0.080078125,0.2900390625,PG - Ighombwe
2021-02-06T12:45:00Z,0.0107421875,,,0.0693359375,0.2509765625,PG - Ighombwe
2021-02-06T13:00:00Z,,,,0.0703125,0.2685546875,PG - Ighombwe
2021-02-06T13:15:00Z,,,,0.0595703125,0.310546875,PG - Ighombwe
2021-02-06T13:30:00Z,0.01953125,,,0.060546875,0.2607421875,PG - Ighombwe
2021-02-06T13:45:00Z,0.1796875,,,,0.12890625,PG - Ighombwe
2021-02-06T14:00:00Z,0.2001953125,,,,0.099609375,PG - Ighombwe
2021-02-06T14:15:00Z,0.2900390625,,,,0.0703125,PG - Ighombwe
2021-02-06T14:30:00Z,0.259765625,,,0.009765625,0.041015625,PG - Ighombwe
2021-02-06T14:45:00Z,0.130859375,,,,0.029296875,PG - Ighombwe
2021-02-06T15:00:00Z,0.1494140625,,,,0.009765625,PG - Ighombwe
2021-02-06T15:15:00Z,0.2001953125,,,,,PG - Ighombwe
2021-02-06T15:30:00Z,0.2197265625,,,,,PG - Ighombwe
2021-02-06T15:45:00Z,0.0400390625,,,,,PG - Ighombwe
2021-02-06T16:15:00Z,0.009765625,,,,,PG - Ighombwe
2021-02-06T16:45:00Z,0.0107421875,,,,,PG - Ighombwe
2021-02-06T17:15:00Z,0.009765625,,,,,PG - Ighombwe
2021-02-06T17:45:00Z,0.009765625,,,,,PG - Ighombwe
2021-02-06T18:15:00Z,0.009765625,,,,,PG - Ighombwe
2021-02-06T18:45:00Z,0.0107421875,,,,,PG - Ighombwe
2021-02-06T19:30:00Z,0.009765625,,,,,PG - Ighombwe
2021-02-06T20:00:00Z,0.009765625,,,,,PG - Ighombwe
2021-02-06T20:30:00Z,0.009765625,,,,,PG - Ighombwe
2021-02-06T21:15:00Z,0.0107421875,,,,,PG - Ighombwe
2021-02-06T21:45:00Z,0.009765625,,,,,PG - Ighombwe
2021-02-06T22:15:00Z,0.009765625,,,,,PG - Ighombwe
2021-02-06T22:45:00Z,0.009765625,,,,,PG - Ighombwe
2021-02-06T23:30:00Z,0.0107421875,,,,,PG - Ighombwe
2021-02-07T00:00:00Z,0.009765625,,,,,PG - Ighombwe
2021-02-07T00:30:00Z,0.009765625,,,,,PG - Ighombwe
2021-02-07T01:00:00Z,0.009765625,,,,,PG - Ighombwe
2021-02-07T01:45:00Z,0.0107421875,,,,,PG - Ighombwe
2021-02-07T02:15:00Z,0.009765625,,,,,PG - Ighombwe
2021-02-07T02:45:00Z,0.009765625,,,,,PG - Ighombwe
2021-02-07T03:30:00Z,0.009765625,,,,,PG - Ighombwe
2021-02-07T04:00:00Z,,,,,0.009765625,PG - Ighombwe
2021-02-07T04:30:00Z,,,,0.009765625,0.01171875,PG - Ighombwe
2021-02-07T04:45:00Z,,,,0.0205078125,0.0087890625,PG - Ighombwe
2021-02-07T05:00:00Z,,,,0.01953125,0.009765625,PG - Ighombwe
2021-02-07T05:15:00Z,,,,0.0400390625,0.0205078125,PG - Ighombwe
2021-02-07T05:30:00Z,,,,0.0400390625,0.0205078125,PG - Ighombwe
2021-02-07T05:45:00Z,,,,0.0302734375,0.0087890625,PG - Ighombwe
2021-02-07T06:00:00Z,,,,0.0498046875,0.0107421875,PG - Ighombwe
2021-02-07T06:15:00Z,,,,0.0703125,0.029296875,PG - Ighombwe
2021-02-07T06:30:00Z,,,,0.1494140625,0.0107421875,PG - Ighombwe
2021-02-07T06:45:00Z,,,,0.2099609375,0.0400390625,PG - Ighombwe
2021-02-07T07:00:00Z,,,,0.240234375,0.0400390625,PG - Ighombwe
2021-02-07T07:15:00Z,,,,0.2705078125,0.01953125,PG - Ighombwe
2021-02-07T07:30:00Z,,,,0.2294921875,0.041015625,PG - Ighombwe
2021-02-07T07:45:00Z,,,,0.2705078125,0.029296875,PG - Ighombwe
2021-02-07T08:00:00Z,,,,0.2294921875,0.0400390625,PG - Ighombwe
2021-02-07T08:15:00Z,,,,0.1904296875,0.0400390625,PG - Ighombwe
2021-02-07T08:30:00Z,,,,0.16015625,0.0390625,PG - Ighombwe
2021-02-07T08:45:00Z,,,,0.1396484375,0.021484375,PG - Ighombwe
2021-02-07T09:00:00Z,,,,0.1201171875,0.029296875,PG - Ighombwe
2021-02-07T09:15:00Z,,,,0.099609375,0.0400390625,PG - Ighombwe
2021-02-07T09:30:00Z,,,,0.1005859375,0.01953125,PG - Ighombwe
2021-02-07T09:45:00Z,,,,0.080078125,0.0302734375,PG - Ighombwe
2021-02-07T10:00:00Z,,,,0.0791015625,0.1611328125,PG - Ighombwe
2021-02-07T10:15:00Z,,,,0.060546875,0.2890625,PG - Ighombwe
2021-02-07T10:30:00Z,,,,0.0703125,0.2802734375,PG - Ighombwe
2021-02-07T10:45:00Z,,,,0.0693359375,0.2890625,PG - Ighombwe
2021-02-07T11:00:00Z,,,,0.060546875,0.30078125,PG - Ighombwe
2021-02-07T11:15:00Z,,,,0.0693359375,0.2900390625,PG - Ighombwe
2021-02-07T11:30:00Z,0.0107421875,,,0.060546875,0.2890625,PG - Ighombwe
2021-02-07T11:45:00Z,,,,0.0595703125,0.310546875,PG - Ighombwe
2021-02-07T12:00:00Z,,,,0.0703125,0.2900390625,PG - Ighombwe
2021-02-07T12:15:00Z,,,,0.0703125,0.2490234375,PG - Ighombwe
2021-02-07T12:30:00Z,,,,0.080078125,0.2802734375,PG - Ighombwe
2021-02-07T12:45:00Z,0.0498046875,,,0.01953125,0.2216796875,PG - Ighombwe
2021-02-07T13:00:00Z,0.1201171875,,,,0.1484375,PG - Ighombwe
2021-02-07T13:15:00Z,0.099609375,,,,0.1806640625,PG - Ighombwe
2021-02-07T13:30:00Z,0.009765625,,,0.0302734375,0.279296875,PG - Ighombwe
2021-02-07T13:45:00Z,0.0703125,,,,0.2109375,PG - Ighombwe
2021-02-07T14:00:00Z,0.080078125,,,,0.21875,PG - Ighombwe
2021-02-07T14:15:00Z,0.08984375,,,,0.201171875,PG - Ighombwe
2021-02-07T14:30:00Z,0.150390625,,,,0.119140625,PG - Ighombwe
2021-02-07T14:45:00Z,0.1494140625,,,,0.1005859375,PG - Ighombwe
2021-02-07T15:00:00Z,0.169921875,,,,0.0595703125,PG - Ighombwe
2021-02-07T15:15:00Z,0.1806640625,,,,0.041015625,PG - Ighombwe
2021-02-07T15:30:00Z,0.2392578125,,,,,PG - Ighombwe
2021-02-07T15:45:00Z,0.220703125,,,,,PG - Ighombwe
2021-02-07T16:15:00Z,0.009765625,,,,,PG - Ighombwe
2021-02-07T16:45:00Z,0.009765625,,,,,PG - Ighombwe
2021-02-07T17:15:00Z,0.009765625,,,,,PG - Ighombwe
2021-02-07T17:45:00Z,0.0107421875,,,,,PG - Ighombwe
2021-02-07T18:15:00Z,0.009765625,,,,,PG - Ighombwe
2021-02-07T18:45:00Z,0.009765625,,,,,PG - Ighombwe
2021-02-07T19:30:00Z,0.009765625,,,,,PG - Ighombwe
2021-02-07T20:00:00Z,0.0107421875,,,,,PG - Ighombwe
2021-02-07T20:30:00Z,0.009765625,,,,,PG - Ighombwe
2021-02-07T21:00:00Z,0.009765625,,,,,PG - Ighombwe
2021-02-07T21:45:00Z,0.009765625,,,,,PG - Ighombwe
2021-02-07T22:15:00Z,0.0107421875,,,,,PG - Ighombwe
2021-02-07T22:45:00Z,0.009765625,,,,,PG - Ighombwe
2021-02-07T23:15:00Z,0.009765625,,,,,PG - Ighombwe
2021-02-08T00:00:00Z,0.009765625,,,,,PG - Ighombwe
2021-02-08T00:30:00Z,0.009765625,,,,,PG - Ighombwe
2021-02-08T01:00:00Z,0.0107421875,,,,,PG - Ighombwe
2021-02-08T01:45:00Z,0.009765625,,,,,PG - Ighombwe
2021-02-08T02:15:00Z,0.009765625,,,,,PG - Ighombwe
2021-02-08T02:45:00Z,0.009765625,,,,,PG - Ighombwe
2021-02-08T03:30:00Z,0.0107421875,,,,,PG - Ighombwe
2021-02-08T04:00:00Z,0.009765625,,,,,PG - Ighombwe
2021-02-08T04:15:00Z,,,,,0.009765625,PG - Ighombwe
2021-02-08T04:30:00Z,,,,0.009765625,0.009765625,PG - Ighombwe
2021-02-08T04:45:00Z,,,,0.01953125,0.009765625,PG - Ighombwe
2021-02-08T05:00:00Z,,,,0.0400390625,0.0205078125,PG - Ighombwe
2021-02-08T05:15:00Z,,,,0.0400390625,0.01953125,PG - Ighombwe
2021-02-08T05:30:00Z,,,,0.0908203125,0.029296875,PG - Ighombwe
2021-02-08T05:45:00Z,,,,0.1396484375,0.0205078125,PG - Ighombwe
2021-02-08T06:00:00Z,,,,0.1201171875,0.009765625,PG - Ighombwe
2021-02-08T06:15:00Z,,,,0.1796875,0.0302734375,PG - Ighombwe
2021-02-08T06:30:00Z,,,,0.2197265625,0.009765625,PG - Ighombwe
2021-02-08T06:45:00Z,,,,0.1806640625,0.0302734375,PG - Ighombwe
2021-02-08T07:00:00Z,,,,0.1796875,0.0390625,PG - Ighombwe
2021-02-08T07:15:00Z,,,,0.2099609375,0.0302734375,PG - Ighombwe
2021-02-08T07:30:00Z,,,,0.2001953125,0.0302734375,PG - Ighombwe
2021-02-08T07:45:00Z,,,,0.1298828125,0.0703125,PG - Ighombwe
2021-02-08T08:00:00Z,,,,0.0302734375,0.1796875,PG - Ighombwe
2021-02-08T08:15:00Z,,,,0.009765625,0.2099609375,PG - Ighombwe
2021-02-08T08:30:00Z,,,,0.099609375,0.201171875,PG - Ighombwe
2021-02-08T08:45:00Z,0.009765625,,,0.0908203125,0.2490234375,PG - Ighombwe
2021-02-08T09:00:00Z,0.0302734375,,,0.0595703125,0.2998046875,PG - Ighombwe
2021-02-08T09:15:00Z,0.009765625,,,0.099609375,0.291015625,PG - Ighombwe
2021-02-08T09:30:00Z,,,,0.1201171875,0.240234375,PG - Ighombwe
2021-02-08T09:45:00Z,,,,0.1103515625,0.21875,PG - Ighombwe
2021-02-08T10:00:00Z,,,,0.099609375,0.2099609375,PG - Ighombwe
2021-02-08T10:15:00Z,,,,0.08984375,0.2509765625,PG - Ighombwe
2021-02-08T10:30:00Z,0.0205078125,,,0.05078125,0.2587890625,PG - Ighombwe
2021-02-08T10:45:00Z,0.0595703125,,,,0.310546875,PG - Ighombwe
2021-02-08T11:00:00Z,0.0302734375,,,0.0400390625,0.2802734375,PG - Ighombwe
2021-02-08T11:15:00Z,0.009765625,,,0.109375,0.310546875,PG - Ighombwe
2021-02-08T11:30:00Z,,,,0.1005859375,0.2890625,PG - Ighombwe
2021-02-08T11:45:00Z,,,,0.080078125,0.349609375,PG - Ighombwe
2021-02-08T12:00:00Z,,,,0.0693359375,0.3505859375,PG - Ighombwe
2021-02-08T12:15:00Z,,,,0.060546875,0.3095703125,PG - Ighombwe
2021-02-08T12:30:00Z,0.0595703125,,,0.0400390625,0.1904296875,PG - Ighombwe
2021-02-08T12:45:00Z,0.080078125,,,,0.16015625,PG - Ighombwe
2021-02-08T13:00:00Z,0.05078125,,,,0.1796875,PG - Ighombwe
2021-02-08T13:15:00Z,0.01953125,,,0.109375,0.310546875,PG - Ighombwe
2021-02-08T13:30:00Z,0.1796875,,,,0.189453125,PG - Ighombwe
2021-02-08T13:45:00Z,0.1806640625,,,,0.16015625,PG - Ighombwe
2021-02-08T14:00:00Z,0.1298828125,,,0.0107421875,0.189453125,PG - Ighombwe
2021-02-08T14:15:00Z,0.169921875,,,,0.1806640625,PG - Ighombwe
2021-02-08T14:30:00Z,0.1396484375,,,,0.19921875,PG - Ighombwe
2021-02-08T14:45:00Z,0.0703125,,,,0.16015625,PG - Ighombwe
2021-02-08T15:00:00Z,0.169921875,,,,0.0703125,PG - Ighombwe
2021-02-08T15:15:00Z,0.23046875,,,,0.01953125,PG - Ighombwe
2021-02-08T15:30:00Z,,,,,0.009765625,PG - Ighombwe
2021-02-08T16:00:00Z,0.009765625,,,,,PG - Ighombwe
2021-02-08T16:30:00Z,0.009765625,,,,,PG - Ighombwe
2021-02-08T17:00:00Z,0.009765625,,,,,PG - Ighombwe
2021-02-08T17:30:00Z,0.009765625,,,,,PG - Ighombwe
2021-02-08T18:00:00Z,0.0107421875,,,,,PG - Ighombwe
2021-02-08T18:45:00Z,0.009765625,,,,,PG - Ighombwe
2021-02-08T19:15:00Z,0.009765625,,,,,PG - Ighombwe
2021-02-08T19:45:00Z,0.009765625,,,,,PG - Ighombwe
2021-02-08T20:15:00Z,0.0107421875,,,,,PG - Ighombwe
2021-02-08T21:00:00Z,0.009765625,,,,,PG - Ighombwe
2021-02-08T21:30:00Z,0.009765625,,,,,PG - Ighombwe
2021-02-08T22:00:00Z,0.009765625,,,,,PG - Ighombwe
2021-02-08T22:45:00Z,0.0107421875,,,,,PG - Ighombwe
2021-02-08T23:15:00Z,0.009765625,,,,,PG - Ighombwe
2021-02-08T23:45:00Z,0.009765625,,,,,PG - Ighombwe
2021-02-09T00:15:00Z,0.009765625,,,,,PG - Ighombwe
2021-02-09T01:00:00Z,0.0107421875,,,,,PG - Ighombwe
2021-02-09T01:30:00Z,0.009765625,,,,,PG - Ighombwe
2021-02-09T02:00:00Z,0.009765625,,,,,PG - Ighombwe
2021-02-09T02:45:00Z,0.009765625,,,,,PG - Ighombwe
2021-02-09T03:15:00Z,0.0107421875,,,,,PG - Ighombwe
2021-02-09T03:45:00Z,0.009765625,,,,,PG - Ighombwe
2021-02-09T04:30:00Z,,,,0.009765625,0.0107421875,PG - Ighombwe
2021-02-09T04:45:00Z,,,,0.01953125,0.0009765625,PG - Ighombwe
2021-02-09T05:00:00Z,,,,0.0302734375,0.0283203125,PG - Ighombwe
2021-02-09T05:15:00Z,,,,0.0498046875,0.0205078125,PG - Ighombwe
2021-02-09T05:30:00Z,,,,0.0703125,0.009765625,PG - Ighombwe
2021-02-09T05:45:00Z,,,,0.080078125,0.01953125,PG - Ighombwe
2021-02-09T06:00:00Z,,,,0.1201171875,0.0400390625,PG - Ighombwe
2021-02-09T06:15:00Z,,,,0.1591796875,0.0107421875,PG - Ighombwe
2021-02-09T06:30:00Z,,,,0.16015625,0.0205078125,PG - Ighombwe
2021-02-09T06:45:00Z,,,,0.1298828125,0.0302734375,PG - Ighombwe
2021-02-09T07:00:00Z,,,,0.1201171875,0.01953125,PG - Ighombwe
2021-02-09T07:15:00Z,,,,0.1201171875,0.029296875,PG - Ighombwe
2021-02-09T07:30:00Z,,,,0.150390625,0.0302734375,PG - Ighombwe
2021-02-09T07:45:00Z,,,,0.1796875,0.0302734375,PG - Ighombwe
2021-02-09T08:00:00Z,,,,0.1103515625,0.169921875,PG - Ighombwe
2021-02-09T08:15:00Z,,,,0.080078125,0.2099609375,PG - Ighombwe
2021-02-09T08:30:00Z,,,,0.0595703125,0.2001953125,PG - Ighombwe
2021-02-09T08:45:00Z,,,,0.1005859375,0.189453125,PG - Ighombwe
2021-02-09T09:00:00Z,0.009765625,,,0.0791015625,0.2705078125,PG - Ighombwe
2021-02-09T09:15:00Z,0.0205078125,,,0.0400390625,0.2607421875,PG - Ighombwe
2021-02-09T09:30:00Z,0.01953125,,,0.0205078125,0.2392578125,PG - Ighombwe
2021-02-09T09:45:00Z,0.01953125,,,0.009765625,0.2197265625,PG - Ighombwe
2021-02-09T10:00:00Z,0.0908203125,,,,0.1298828125,PG - Ighombwe
2021-02-09T10:15:00Z,0.080078125,,,,0.150390625,PG - Ighombwe
2021-02-09T10:30:00Z,0.029296875,,,,0.2001953125,PG - Ighombwe
2021-02-09T10:45:00Z,0.0107421875,,,,0.2197265625,PG - Ighombwe
2021-02-09T11:00:00Z,0.029296875,,,,0.2001953125,PG - Ighombwe
2021-02-09T11:15:00Z,0.009765625,,,,0.2197265625,PG - Ighombwe
2021-02-09T11:30:00Z,0.0400390625,,,,0.2099609375,PG - Ighombwe
2021-02-09T11:45:00Z,0.0302734375,,,,0.2001953125,PG - Ighombwe
2021-02-09T12:00:00Z,,,,0.0703125,0.2490234375,PG - Ighombwe
2021-02-09T12:15:00Z,,,,0.109375,0.271484375,PG - Ighombwe
2021-02-09T12:30:00Z,0.0400390625,,,0.0302734375,0.2490234375,PG - Ighombwe
2021-02-09T12:45:00Z,,,,,0.259765625,PG - Ighombwe
2021-02-09T13:00:00Z,0.009765625,,,0.009765625,0.2509765625,PG - Ighombwe
2021-02-09T13:15:00Z,0.05078125,,,,0.2294921875,PG - Ighombwe
2021-02-09T13:30:00Z,0.1298828125,,,,0.1904296875,PG - Ighombwe
2021-02-09T13:45:00Z,0.1396484375,,,,0.169921875,PG - Ighombwe
2021-02-09T14:00:00Z,0.150390625,,,0.0107421875,0.12890625,PG - Ighombwe
2021-02-09T14:15:00Z,0.109375,,,0.009765625,0.111328125,PG - Ighombwe
2021-02-09T14:30:00Z,0.1298828125,,,0.009765625,0.048828125,PG - Ighombwe
2021-02-09T14:45:00Z,0.130859375,,,,0.041015625,PG - Ighombwe
2021-02-09T15:00:00Z,0.1591796875,,,,0.01953125,PG - Ighombwe
2021-02-09T15:15:00Z,0.16015625,,,,,PG - Ighombwe
2021-02-09T15:30:00Z,0.1904296875,,,,,PG - Ighombwe
2021-02-09T15:45:00Z,0.2001953125,,,,,PG - Ighombwe
2021-02-09T16:00:00Z,0.08984375,,,,,PG - Ighombwe
2021-02-09T16:30:00Z,0.009765625,,,,,PG - Ighombwe
2021-02-09T17:00:00Z,0.009765625,,,,,PG - Ighombwe
2021-02-09T17:30:00Z,0.009765625,,,,,PG - Ighombwe
2021-02-09T18:15:00Z,0.0107421875,,,,,PG - Ighombwe
2021-02-09T18:45:00Z,0.009765625,,,,,PG - Ighombwe
2021-02-09T19:15:00Z,0.009765625,,,,,PG - Ighombwe
2021-02-09T19:45:00Z,0.009765625,,,,,PG - Ighombwe
2021-02-09T20:30:00Z,0.0107421875,,,,,PG - Ighombwe
2021-02-09T21:00:00Z,0.009765625,,,,,PG - Ighombwe
2021-02-09T21:30:00Z,0.009765625,,,,,PG - Ighombwe
2021-02-09T22:15:00Z,0.009765625,,,,,PG - Ighombwe
2021-02-09T22:45:00Z,0.0107421875,,,,,PG - Ighombwe
2021-02-09T23:15:00Z,0.009765625,,,,,PG - Ighombwe
2021-02-09T23:45:00Z,0.009765625,,,,,PG - Ighombwe
2021-02-10T00:30:00Z,0.009765625,,,,,PG - Ighombwe
2021-02-10T01:00:00Z,0.0107421875,,,,,PG - Ighombwe
2021-02-10T01:30:00Z,0.009765625,,,,,PG - Ighombwe
2021-02-10T02:15:00Z,0.009765625,,,,,PG - Ighombwe
2021-02-10T02:45:00Z,0.009765625,,,,,PG - Ighombwe
2021-02-10T03:15:00Z,0.0107421875,,,,,PG - Ighombwe
2021-02-10T04:00:00Z,0.009765625,,,,0.009765625,PG - Ighombwe
2021-02-10T04:15:00Z,,,,0.009765625,0.009765625,PG - Ighombwe
2021-02-10T04:30:00Z,,,,0.0107421875,0.0205078125,PG - Ighombwe
2021-02-10T04:45:00Z,,,,0.01953125,0.009765625,PG - Ighombwe
2021-02-10T05:00:00Z,,,,0.0205078125,0.01953125,PG - Ighombwe
2021-02-10T05:15:00Z,,,,0.0595703125,0.01953125,PG - Ighombwe
2021-02-10T05:30:00Z,,,,0.099609375,0.01171875,PG - Ighombwe
2021-02-10T05:45:00Z,,,,0.140625,0.01953125,PG - Ighombwe
2021-02-10T06:00:00Z,,,,0.169921875,0.029296875,PG - Ighombwe
2021-02-10T06:15:00Z,,,,0.189453125,0.0205078125,PG - Ighombwe
2021-02-10T06:30:00Z,,,,0.2099609375,0.0205078125,PG - Ighombwe
2021-02-10T06:45:00Z,,,,0.23046875,0.029296875,PG - Ighombwe
2021-02-10T07:00:00Z,,,,0.259765625,0.0302734375,PG - Ighombwe
2021-02-10T07:15:00Z,,,,0.23046875,0.099609375,PG - Ighombwe
2021-02-10T07:30:00Z,,,,0.109375,0.2001953125,PG - Ighombwe
2021-02-10T07:45:00Z,,,,0.1904296875,0.2392578125,PG - Ighombwe
2021-02-10T08:00:00Z,,,,0.189453125,0.2412109375,PG - Ighombwe
2021-02-10T08:15:00Z,,,,0.16015625,0.240234375,PG - Ighombwe
2021-02-10T08:30:00Z,,,,0.1201171875,0.2490234375,PG - Ighombwe
2021-02-10T08:45:00Z,,,,0.1103515625,0.25,PG - Ighombwe
2021-02-10T09:00:00Z,,,,0.109375,0.2607421875,PG - Ighombwe
2021-02-10T09:15:00Z,,,,0.0908203125,0.2587890625,PG - Ighombwe
2021-02-10T09:30:00Z,0.01953125,,,0.009765625,0.2607421875,PG - Ighombwe
2021-02-10T09:45:00Z,,,,0.080078125,0.259765625,PG - Ighombwe
2021-02-10T10:00:00Z,,,,0.0400390625,0.259765625,PG - Ighombwe
2021-02-10T10:15:00Z,0.009765625,,,0.0498046875,0.2607421875,PG - Ighombwe
2021-02-10T10:30:00Z,0.0400390625,,,0.0498046875,0.2705078125,PG - Ighombwe
2021-02-10T10:45:00Z,,,,0.08984375,0.33984375,PG - Ighombwe
2021-02-10T11:00:00Z,,,,0.080078125,0.2294921875,PG - Ighombwe
2021-02-10T11:15:00Z,,,,0.0703125,0.208984375,PG - Ighombwe
2021-02-10T11:30:00Z,0.0205078125,,,0.080078125,0.220703125,PG - Ighombwe
2021-02-10T11:45:00Z,0.009765625,,,0.0595703125,0.30078125,PG - Ighombwe
2021-02-10T12:00:00Z,0.08984375,,,0.0302734375,0.25,PG - Ighombwe
2021-02-10T12:15:00Z,0.1103515625,,,,0.1591796875,PG - Ighombwe
2021-02-10T12:30:00Z,0.1298828125,,,,0.16015625,PG - Ighombwe
2021-02-10T12:45:00Z,0.25,,,,0.1103515625,PG - Ighombwe
2021-02-10T13:00:00Z,0.169921875,,,,0.0400390625,PG - Ighombwe
2021-02-10T13:15:00Z,0.16015625,,,,0.009765625,PG - Ighombwe
2021-02-10T13:30:00Z,0.150390625,,,,0.0205078125,PG - Ighombwe
2021-02-10T13:45:00Z,0.1494140625,,,,0.029296875,PG - Ighombwe
2021-02-10T14:00:00Z,0.16015625,,,,0.009765625,PG - Ighombwe
2021-02-10T14:15:00Z,0.150390625,,,,0.0107421875,PG - Ighombwe
2021-02-10T14:30:00Z,0.1494140625,,,,0.009765625,PG - Ighombwe
2021-02-10T14:45:00Z,0.140625,,,,,PG - Ighombwe
2021-02-10T15:00:00Z,0.1591796875,,,,,PG - Ighombwe
2021-02-10T15:15:00Z,0.16015625,,,,0.009765625,PG - Ighombwe
2021-02-10T15:30:00Z,0.16015625,,,,,PG - Ighombwe
2021-02-10T15:45:00Z,0.16015625,,,,,PG - Ighombwe
2021-02-10T16:15:00Z,0.009765625,,,,,PG - Ighombwe
2021-02-10T16:45:00Z,0.009765625,,,,,PG - Ighombwe
2021-02-10T17:30:00Z,0.0107421875,,,,,PG - Ighombwe
2021-02-10T18:00:00Z,0.009765625,,,,,PG - Ighombwe
2021-02-10T18:30:00Z,0.009765625,,,,,PG - Ighombwe
2021-02-10T19:00:00Z,0.009765625,,,,,PG - Ighombwe
2021-02-10T19:45:00Z,0.0107421875,,,,,PG - Ighombwe
2021-02-10T20:15:00Z,0.009765625,,,,,PG - Ighombwe
2021-02-10T20:45:00Z,0.009765625,,,,,PG - Ighombwe
2021-02-10T21:15:00Z,0.009765625,,,,,PG - Ighombwe
2021-02-10T22:00:00Z,0.0107421875,,,,,PG - Ighombwe
2021-02-10T22:30:00Z,0.009765625,,,,,PG - Ighombwe
2021-02-10T23:00:00Z,0.009765625,,,,,PG - Ighombwe
2021-02-10T23:45:00Z,0.009765625,,,,,PG - Ighombwe
2021-02-11T00:15:00Z,0.0107421875,,,,,PG - Ighombwe
2021-02-11T00:45:00Z,0.009765625,,,,,PG - Ighombwe
2021-02-11T01:15:00Z,0.009765625,,,,,PG - Ighombwe
2021-02-11T02:00:00Z,0.009765625,,,,,PG - Ighombwe
2021-02-11T02:30:00Z,0.0107421875,,,,,PG - Ighombwe
2021-02-11T03:00:00Z,0.009765625,,,,,PG - Ighombwe
2021-02-11T03:45:00Z,0.009765625,,,,,PG - Ighombwe
2021-02-11T04:15:00Z,,,,,0.0107421875,PG - Ighombwe
2021-02-11T04:30:00Z,,,,0.01953125,0.009765625,PG - Ighombwe
2021-02-11T04:45:00Z,,,,0.0107421875,0.0087890625,PG - Ighombwe
2021-02-11T05:00:00Z,,,,0.01953125,0.0205078125,PG - Ighombwe
2021-02-11T05:15:00Z,,,,0.0302734375,0.009765625,PG - Ighombwe
2021-02-11T05:30:00Z,,,,0.01953125,0.0302734375,PG - Ighombwe
2021-02-11T05:45:00Z,,,,0.0205078125,0.01953125,PG - Ighombwe
2021-02-11T06:00:00Z,,,,0.0595703125,0.0107421875,PG - Ighombwe
2021-02-11T06:15:00Z,,,,0.0703125,0.009765625,PG - Ighombwe
2021-02-11T06:30:00Z,,,,0.099609375,0.0302734375,PG - Ighombwe
2021-02-11T06:45:00Z,,,,0.2001953125,0.01953125,PG - Ighombwe
2021-02-11T07:00:00Z,,,,0.2900390625,0.0400390625,PG - Ighombwe
2021-02-11T07:15:00Z,,,,0.1796875,0.0302734375,PG - Ighombwe
2021-02-11T07:30:00Z,,,,0.1806640625,0.0302734375,PG - Ighombwe
2021-02-11T07:45:00Z,,,,0.2099609375,0.0185546875,PG - Ighombwe
2021-02-11T08:00:00Z,,,,0.25,0.041015625,PG - Ighombwe
2021-02-11T08:15:00Z,,,,0.1796875,0.029296875,PG - Ighombwe
2021-02-11T08:30:00Z,0.009765625,,,0.060546875,0.140625,PG - Ighombwe
2021-02-11T08:45:00Z,0.0498046875,,,,0.12890625,PG - Ighombwe
2021-02-11T09:00:00Z,0.0107421875,,,0.009765625,0.1611328125,PG - Ighombwe
2021-02-11T09:15:00Z,0.08984375,,,0.009765625,0.2197265625,PG - Ighombwe
2021-02-11T09:30:00Z,0.0703125,,,0.009765625,0.2998046875,PG - Ighombwe
2021-02-11T09:45:00Z,0.0791015625,,,,0.220703125,PG - Ighombwe
2021-02-11T10:00:00Z,0.1201171875,,,,0.25,PG - Ighombwe
2021-02-11T10:15:00Z,0.16015625,,,0.0107421875,0.1494140625,PG - Ighombwe
2021-02-11T10:30:00Z,0.1103515625,,,,0.169921875,PG - Ighombwe
2021-02-11T10:45:00Z,0.1201171875,,,0.029296875,0.140625,PG - Ighombwe
2021-02-11T11:00:00Z,0.08984375,,,0.0205078125,0.1591796875,PG - Ighombwe
2021-02-11T11:15:00Z,0.009765625,,,0.01953125,0.240234375,PG - Ighombwe
2021-02-11T11:30:00Z,,,,0.0703125,0.240234375,PG - Ighombwe
2021-02-11T11:45:00Z,,,,0.1298828125,0.2294921875,PG - Ighombwe
2021-02-11T12:00:00Z,0.009765625,,,0.0302734375,0.2099609375,PG - Ighombwe
2021-02-11T12:15:00Z,0.060546875,,,,0.1796875,PG - Ighombwe
2021-02-11T12:30:00Z,0.0595703125,,,,0.2109375,PG - Ighombwe
2021-02-11T12:45:00Z,,,,0.1201171875,0.279296875,PG - Ighombwe
2021-02-11T13:00:00Z,,,,0.1201171875,0.259765625,PG - Ighombwe
2021-02-11T13:15:00Z,0.080078125,,,0.01953125,0.1708984375,PG - Ighombwe
2021-02-11T13:30:00Z,0.1396484375,,,,0.099609375,PG - Ighombwe
2021-02-11T13:45:00Z,0.1201171875,,,,0.1103515625,PG - Ighombwe
2021-02-11T14:00:00Z,0.1103515625,,,,0.1103515625,PG - Ighombwe
2021-02-11T14:15:00Z,0.16015625,,,,0.0693359375,PG - Ighombwe
2021-02-11T14:30:00Z,0.1796875,,,,0.060546875,PG - Ighombwe
2021-02-11T14:45:00Z,0.169921875,,,,0.0498046875,PG - Ighombwe
2021-02-11T15:00:00Z,0.1806640625,,,,0.0400390625,PG - Ighombwe
2021-02-11T15:15:00Z,0.029296875,,,0.009765625,0.009765625,PG - Ighombwe
2021-02-11T15:45:00Z,0.0107421875,,,,0.009765625,PG - Ighombwe
2021-02-11T16:15:00Z,0.009765625,,,,,PG - Ighombwe
2021-02-11T16:45:00Z,0.009765625,,,,,PG - Ighombwe
2021-02-11T17:30:00Z,0.009765625,,,,,PG - Ighombwe
2021-02-11T18:00:00Z,0.009765625,,,,,PG - Ighombwe
2021-02-11T18:30:00Z,0.0107421875,,,,,PG - Ighombwe
2021-02-11T19:15:00Z,0.009765625,,,,,PG - Ighombwe
2021-02-11T19:45:00Z,0.009765625,,,,,PG - Ighombwe
2021-02-11T20:15:00Z,0.009765625,,,,,PG - Ighombwe
2021-02-11T21:00:00Z,0.0107421875,,,,,PG - Ighombwe
2021-02-11T21:30:00Z,0.009765625,,,,,PG - Ighombwe
2021-02-11T22:15:00Z,0.009765625,,,,,PG - Ighombwe
2021-02-11T22:45:00Z,0.009765625,,,,,PG - Ighombwe
2021-02-11T23:15:00Z,0.0107421875,,,,,PG - Ighombwe
2021-02-12T00:00:00Z,0.009765625,,,,,PG - Ighombwe
2021-02-12T00:30:00Z,0.009765625,,,,,PG - Ighombwe
2021-02-12T01:00:00Z,0.009765625,,,,,PG - Ighombwe
2021-02-12T01:45:00Z,0.0107421875,,,,,PG - Ighombwe
2021-02-12T02:15:00Z,0.009765625,,,,,PG - Ighombwe
2021-02-12T02:45:00Z,0.009765625,,,,,PG - Ighombwe
2021-02-12T03:30:00Z,0.009765625,,,,,PG - Ighombwe
2021-02-12T04:00:00Z,,,,,0.0107421875,PG - Ighombwe
2021-02-12T04:15:00Z,,,,0.01953125,,PG - Ighombwe
2021-02-12T04:30:00Z,,,,0.01953125,0.0009765625,PG - Ighombwe
2021-02-12T04:45:00Z,,,,0.0302734375,0.009765625,PG - Ighombwe
2021-02-12T05:00:00Z,,,,0.01953125,0.0205078125,PG - Ighombwe
2021-02-12T05:15:00Z,,,,0.0205078125,0.01953125,PG - Ighombwe
2021-02-12T05:30:00Z,,,,0.0302734375,0.0185546875,PG - Ighombwe
2021-02-12T05:45:00Z,,,,0.0400390625,0.0107421875,PG - Ighombwe
2021-02-12T06:00:00Z,,,,0.0791015625,0.0205078125,PG - Ighombwe
